gene_id	gene_description	module	sheet	header	subheader	potential_amg
K00001	EMERGE	ethanol_fermentation_3	EMERGE	Emerge	acetaldehyde->ethanol	False
K00002	EMERGE	ethanol_fermentation_3	EMERGE	Emerge	acetaldehyde->ethanol	False
K00008	EMERGE	xylose_degradation_4	EMERGE	Emerge	xylitol->D-xylulose	False
K00016	EMERGE	propionate_fermentation_10	EMERGE	Emerge	pyruvate->lactate	False
K00022	EMERGE	HPHB_DCHB_21	EMERGE	Emerge	3-hydroxybutanoyl-CoA->acetoacetyl-CoA	False
K00023	EMERGE	HPHB_DCHB_21	EMERGE	Emerge	3-hydroxybutanoyl-CoA->acetoacetyl-CoA	False
K00041	EMERGE	galacturonic_acid_degradation_2	EMERGE	Emerge	D-tagaturonate->D-altronate	False
K00043	EMERGE	HPHB_DCHB_17	EMERGE	Emerge	succinate semialdehyde->4-hydroxybutanoate	False
K00057	EMERGE	glycerol_degradation_2	EMERGE	Emerge	glycerol-3-P->glycerone-P	False
K00074	EMERGE	HPHB_DCHB_21	EMERGE	Emerge	3-hydroxybutanoyl-CoA->acetoacetyl-CoA	False
K00078	EMERGE	xylose_degradation_5	EMERGE	Emerge	D-xylose->D-xylonolactone	False
K00101	EMERGE	propionate_fermentation_10	EMERGE	Emerge	pyruvate->lactate	False
K00102	EMERGE	propionate_fermentation_10	EMERGE	Emerge	pyruvate->lactate	False
K00111	EMERGE	glycerol_degradation_2	EMERGE	Emerge	glycerol-3-P->glycerone-P	False
K00112	EMERGE	glycerol_degradation_2	EMERGE	Emerge	glycerol-3-P->glycerone-P	False
K00113	EMERGE	glycerol_degradation_2	EMERGE	Emerge	glycerol-3-P->glycerone-P	False
K00114	EMERGE	ethanol_fermentation_3	EMERGE	Emerge	acetaldehyde->ethanol	False
K00117	EMERGE	xylose_degradation_8	EMERGE	Emerge	D-xylose->D-xylonate	False
K00121	EMERGE	ethanol_fermentation_3	EMERGE	Emerge	acetaldehyde->ethanol	False
K00122	EMERGE	carbon_redox_7	EMERGE	Emerge	formate->carbon dioxide	False
K00123	EMERGE	carbon_redox_7	EMERGE	Emerge	formate->carbon dioxide	False
K00124	EMERGE	carbon_redox_7	EMERGE	Emerge	formate->carbon dioxide	False
K00127	EMERGE	carbon_redox_7	EMERGE	Emerge	formate->carbon dioxide	False
K00132	EMERGE	ethanol_fermentation_2	EMERGE	Emerge	acetyl-CoA->acetaldehyde	False
K00134	EMERGE	Calvin_Benson_3	EMERGE	Emerge	glycerate-1,3-bis-P->glyceraldehyde-3-P	False
K00148	EMERGE	carbon_redox_6	EMERGE	Emerge	formaldehyde->formate	False
K00150	EMERGE	Calvin_Benson_3	EMERGE	Emerge	glycerate-1,3-bis-P->glyceraldehyde-3-P	False
K00156	EMERGE	acetogenesis_4	EMERGE	Emerge	pyruvate->acetate	False
K00158	EMERGE	acetogenesis_5	EMERGE	Emerge	pyruvate->acetyl-P	False
K00161	EMERGE	butanoate_fermentation_14	EMERGE	Emerge	pyruvate->acetyl-CoA	False
K00162	EMERGE	butanoate_fermentation_14	EMERGE	Emerge	pyruvate->acetyl-CoA	False
K00163	EMERGE	butanoate_fermentation_14	EMERGE	Emerge	pyruvate->acetyl-CoA	False
K00169	EMERGE	HPHB_DCHB_1	EMERGE	Emerge	acetyl-CoA+carbon dioxide->pyruvate	False
K00170	EMERGE	HPHB_DCHB_1	EMERGE	Emerge	acetyl-CoA+carbon dioxide->pyruvate	False
K00171	EMERGE	HPHB_DCHB_1	EMERGE	Emerge	acetyl-CoA+carbon dioxide->pyruvate	False
K00172	EMERGE	HPHB_DCHB_1	EMERGE	Emerge	acetyl-CoA+carbon dioxide->pyruvate	False
K00174	EMERGE	rTCA_6	EMERGE	Emerge	succinyl-CoA->2-oxoglutarate	False
K00175	EMERGE	rTCA_6	EMERGE	Emerge	succinyl-CoA->2-oxoglutarate	False
K00176	EMERGE	rTCA_6	EMERGE	Emerge	succinyl-CoA->2-oxoglutarate	False
K00177	EMERGE	rTCA_6	EMERGE	Emerge	succinyl-CoA->2-oxoglutarate	False
K00189	EMERGE	butanoate_fermentation_14	EMERGE	Emerge	pyruvate->acetyl-CoA	False
K00192	EMERGE	acetoclastic_methanogenesis_9	EMERGE	Emerge	cabon_monoxide->carbon_dioxide	False
K00193	EMERGE	acetoclastic_methanogenesis_4	EMERGE	Emerge	acetyl-CoA->5-methyl-H4MPT+carbon monoxide	False
K00194	EMERGE	Wood_Ljungdahl_11	EMERGE	Emerge	5_methyl_H4MPT->H4MPT+acetyl_CoA	False
K00195	EMERGE	acetoclastic_methanogenesis_9	EMERGE	Emerge	cabon_monoxide->carbon_dioxide	False
K00197	EMERGE	Wood_Ljungdahl_11	EMERGE	Emerge	5_methyl_H4MPT->H4MPT+acetyl_CoA	False
K00200	EMERGE	Wood_Ljungdahl_3	EMERGE	Emerge	carbon dioxide+MFR->formyl-MFR	False
K00201	EMERGE	Wood_Ljungdahl_3	EMERGE	Emerge	carbon dioxide+MFR->formyl-MFR	False
K00202	EMERGE	Wood_Ljungdahl_3	EMERGE	Emerge	carbon dioxide+MFR->formyl-MFR	False
K00203	EMERGE	Wood_Ljungdahl_3	EMERGE	Emerge	carbon dioxide+MFR->formyl-MFR	False
K00204	EMERGE	Wood_Ljungdahl_3	EMERGE	Emerge	carbon dioxide+MFR->formyl-MFR	False
K00205	EMERGE	Wood_Ljungdahl_3	EMERGE	Emerge	carbon dioxide+MFR->formyl-MFR	False
K00209	EMERGE	butanoate_fermentation_10	EMERGE	Emerge	crotonoyl-CoA->butanoyl-CoA	False
K00232	EMERGE	propionate_fermentation_13	EMERGE	Emerge	acryloyl-CoA->propionyl-CoA	False
K00244	EMERGE	HPHB_DCHB_6	EMERGE	Emerge	fumarate->succinate	False
K00245	EMERGE	HPHB_DCHB_6	EMERGE	Emerge	fumarate->succinate	False
K00246	EMERGE	HPHB_DCHB_6	EMERGE	Emerge	fumarate->succinate	False
K00247	EMERGE	HPHB_DCHB_6	EMERGE	Emerge	fumarate->succinate	False
K00248	EMERGE	propionate_fermentation_13	EMERGE	Emerge	acryloyl-CoA->propionyl-CoA	False
K00281	EMERGE	reductive_glycine_4	EMERGE	Emerge	5,10_methylene_H4F+ammonium+carbon-dioxide->glycine	False
K00282	EMERGE	reductive_glycine_4	EMERGE	Emerge	5,10_methylene_H4F+ammonium+carbon-dioxide->glycine	False
K00283	EMERGE	reductive_glycine_4	EMERGE	Emerge	5,10_methylene_H4F+ammonium+carbon-dioxide->glycine	False
K00297	EMERGE	Wood_Ljungdahl_9	EMERGE	Emerge	5,10_methylene_H4F->5_methyl_H4F	False
K00319	EMERGE	Wood_Ljungdahl_8	EMERGE	Emerge	5,10_methenyl_H4MPT->5,10_methylene_H4MPT	False
K00320	EMERGE	Wood_Ljungdahl_10	EMERGE	Emerge	5,10_methylene_H4MPT->5_methyl_H4MPT	False
K00360	EMERGE	nitrogen_redox_16	EMERGE	Emerge	nitrate->nitrite	False
K00362	EMERGE	nitrogen_redox_17	EMERGE	Emerge	nitrite->ammonium	False
K00363	EMERGE	nitrogen_redox_17	EMERGE	Emerge	nitrite->ammonium	False
K00366	EMERGE	nitrogen_redox_17	EMERGE	Emerge	nitrite->ammonium	False
K00367	EMERGE	nitrogen_redox_16	EMERGE	Emerge	nitrate->nitrite	False
K00368	EMERGE	nitrogen_redox_3	EMERGE	Emerge	nitrite->nitric oxide	False
K003700	EMERGE	nitrogen_redox_1	EMERGE	Emerge	nitrate->nitrite	False
K003701	EMERGE	nitrogen_redox_13	EMERGE	Emerge	nitrite->nitrate	False
K003710	EMERGE	nitrogen_redox_1	EMERGE	Emerge	nitrate->nitrite	False
K003711	EMERGE	nitrogen_redox_13	EMERGE	Emerge	nitrite->nitrate	False
K00372	EMERGE	nitrogen_redox_16	EMERGE	Emerge	nitrate->nitrite	False
K00376	EMERGE	nitrogen_redox_6	EMERGE	Emerge	nitrous oxide->dinitrogen	False
K00380	EMERGE	sulfur_redox_8	EMERGE	Emerge	sulfite->sulfide	False
K00381	EMERGE	sulfur_redox_8	EMERGE	Emerge	sulfite->sulfide	False
K00382	EMERGE	reductive_glycine_4	EMERGE	Emerge	5,10_methylene_H4F+ammonium+carbon-dioxide->glycine	False
K00390	EMERGE	sulfur_redox_7	EMERGE	Emerge	PAPS->sulfite	False
K00392	EMERGE	sulfur_redox_8	EMERGE	Emerge	sulfite->sulfide	False
K00394	EMERGE	sulfur_redox_2	EMERGE	Emerge	APS->sulfite	False
K00395	EMERGE	sulfur_redox_2	EMERGE	Emerge	APS->sulfite	False
K00399	EMERGE	methylotrophic_methanogenesis_7	EMERGE	Emerge	methyl-CoM+CoB->methane+CoM-S-S-CoB	False
K00401	EMERGE	methylotrophic_methanogenesis_7	EMERGE	Emerge	methyl-CoM+CoB->methane+CoM-S-S-CoB	False
K00402	EMERGE	methylotrophic_methanogenesis_7	EMERGE	Emerge	methyl-CoM+CoB->methane+CoM-S-S-CoB	False
K00531	EMERGE	nitrogen_redox_7	EMERGE	Emerge	dinitrogen->ammonium	False
K00575	EMERGE	chemotaxis_5	EMERGE	Emerge	cheBR->None	False
K00577	EMERGE	methylotrophic_methanogenesis_6	EMERGE	Emerge	5-methyl-H4MPT+CoM->methyl-CoM	False
K00578	EMERGE	methylotrophic_methanogenesis_6	EMERGE	Emerge	5-methyl-H4MPT+CoM->methyl-CoM	False
K00579	EMERGE	methylotrophic_methanogenesis_6	EMERGE	Emerge	5-methyl-H4MPT+CoM->methyl-CoM	False
K00580	EMERGE	methylotrophic_methanogenesis_6	EMERGE	Emerge	5-methyl-H4MPT+CoM->methyl-CoM	False
K00581	EMERGE	methylotrophic_methanogenesis_6	EMERGE	Emerge	5-methyl-H4MPT+CoM->methyl-CoM	False
K00582	EMERGE	methylotrophic_methanogenesis_6	EMERGE	Emerge	5-methyl-H4MPT+CoM->methyl-CoM	False
K00583	EMERGE	methylotrophic_methanogenesis_6	EMERGE	Emerge	5-methyl-H4MPT+CoM->methyl-CoM	False
K00584	EMERGE	methylotrophic_methanogenesis_6	EMERGE	Emerge	5-methyl-H4MPT+CoM->methyl-CoM	False
K00600	EMERGE	reductive_glycine_5	EMERGE	Emerge	5,10_methylene_H4F+glycine->serine	False
K00605	EMERGE	reductive_glycine_4	EMERGE	Emerge	5,10_methylene_H4F+ammonium+carbon-dioxide->glycine	False
K00615	EMERGE	Calvin_Benson_7	EMERGE	Emerge	fructose-6-P+glyceraldehyde-3-P+sedoheptulose-7-P->erythrose-4-P+ribose-5-P+xylulose-5-P	False
K00625	EMERGE	acetoclastic_methanogenesis_3	EMERGE	Emerge	acetyl-P->acetyl-CoA	False
K00626	EMERGE	HPHB_DCHB_22	EMERGE	Emerge	acetoacetyl-CoA->acetyl-CoA	False
K00627	EMERGE	butanoate_fermentation_14	EMERGE	Emerge	pyruvate->acetyl-CoA	False
K00634	EMERGE	butanoate_fermentation_12	EMERGE	Emerge	butanoyl-CoA->butanoyl-P	False
K00656	EMERGE	butanoate_fermentation_14	EMERGE	Emerge	pyruvate->acetyl-CoA	False
K00672	EMERGE	Wood_Ljungdahl_4	EMERGE	Emerge	formyl_MFR+H4MPT->MFR+formyl_H4PMT	False
K00690	EMERGE	sucrose_degradation_3	EMERGE	Emerge	sucrose->D-fructose+D-glucose-1P	False
K00702	EMERGE	cellulose_degradation_4	EMERGE	Emerge	cellobiose->D-glucose-1-phosphate	False
K00844	EMERGE	mannose_degradation_1	EMERGE	Emerge	D-mannose->D-mannose-6P	False
K00847	EMERGE	fructose_degradation_1	EMERGE	Emerge	D-fructose->D-fructose-6P	False
K00849	EMERGE	galactose_degradation_2	EMERGE	Emerge	a-D-galactose->a-D-galactose-1-phosphate	False
K00854	EMERGE	xylose_degradation_2	EMERGE	Emerge	D-xylulose->D-xylulose-5-phosphate	False
K00855	EMERGE	Calvin_Benson_12	EMERGE	Emerge	ribulose-5-P->ribulose-1,5-bis-P	False
K00860	EMERGE	sulfur_redox_6	EMERGE	Emerge	APS->PAPS	False
K00863	EMERGE	glycerol_degradation_3	EMERGE	Emerge	glycerone->glycerone-P	False
K00864	EMERGE	glycerol_degradation_1	EMERGE	Emerge	glycerol->glycerol-3-P	False
K00874	EMERGE	galacturonic_acid_degradation_4	EMERGE	Emerge	2-dehydro-3-deoxy-D-gluconate->2-dehydro-3-deoxy-6-phospho-D-gluconate	False
K00879	EMERGE	fucose_degradation_2	EMERGE	Emerge	L-fuculose->L-fuculose-1P	False
K00925	EMERGE	acetoclastic_methanogenesis_2	EMERGE	Emerge	acetate->acetyl-P	False
K00927	EMERGE	Calvin_Benson_2	EMERGE	Emerge	3-P-glycerate->glycerate-1,3-bis-P	False
K00929	EMERGE	butanoate_fermentation_13	EMERGE	Emerge	butanoyl-P->butanoate	False
K00955	EMERGE	sulfur_redox_6	EMERGE	Emerge	APS->PAPS	False
K00958	EMERGE	sulfur_redox_1	EMERGE	Emerge	sulfate->APS	False
K00965	EMERGE	galactose_degradation_3	EMERGE	Emerge	a-D-galactose-1-phosphate->UPD-a-galactose+D-glucose-1-phosphate+UPD-glucose	False
K01007	EMERGE	HPHB_DCHB_2	EMERGE	Emerge	pyruvate->PEP	False
K01026	EMERGE	propionate_fermentation_11	EMERGE	Emerge	lactate->lactoyl-CoA	False
K01034	EMERGE	butanoate_fermentation_11	EMERGE	Emerge	butanoyl-CoA->butanoate	False
K01035	EMERGE	butanoate_fermentation_11	EMERGE	Emerge	butanoyl-CoA->butanoate	False
K01067	EMERGE	acetogenesis_6	EMERGE	Emerge	acetyl-CoA->acetate	False
K01070	EMERGE	carbon_redox_6	EMERGE	Emerge	formaldehyde->formate	False
K01086	EMERGE	Calvin_Benson_9	EMERGE	Emerge	sedoheptulose-1,7-bis-P->sedoheptulose-7-P	False
K01100	EMERGE	Calvin_Benson_9	EMERGE	Emerge	sedoheptulose-1,7-bis-P->sedoheptulose-7-P	False
K01187	EMERGE	sucrose_degradation_1	EMERGE	Emerge	sucrose->D-glucose+D-fructose	False
K01190	EMERGE	lactose_degradation_1	EMERGE	Emerge	lactose->D-galactose+D-glucose	False
K01193	EMERGE	sucrose_degradation_2	EMERGE	Emerge	sucrose->D-glucose+D-fructose	False
K01198	EMERGE	xylan_degradation_1	EMERGE	Emerge	1,4-B-D-xylan->D-xylose	False
K01427	EMERGE	urea_degradation_1	EMERGE	Emerge	urea->carbon dioxide	False
K01428	EMERGE	urea_degradation_1	EMERGE	Emerge	urea->carbon dioxide	False
K01429	EMERGE	urea_degradation_1	EMERGE	Emerge	urea->carbon dioxide	False
K01430	EMERGE	urea_degradation_1	EMERGE	Emerge	urea->carbon dioxide	False
K01491	EMERGE	Wood_Ljungdahl_7	EMERGE	Emerge	5,10_methenyl_H4F->5,10_methylene_H4F	False
K01499	EMERGE	Wood_Ljungdahl_6	EMERGE	Emerge	5_formyl_H4MPT->5,10_methenyl_H4MPT	False
K01500	EMERGE	Wood_Ljungdahl_5	EMERGE	Emerge	5_formyl_H4F->5,10_methenyl_H4F	False
K01512	EMERGE	acetoclastic_methanogenesis_2	EMERGE	Emerge	acetate->acetyl-P	False
K01568	EMERGE	ethanol_fermentation_4	EMERGE	Emerge	pyruvate->acetaldehyde	False
K01601	EMERGE	Calvin_Benson_1	EMERGE	Emerge	carbon dioxide->3-P-glycerate	False
K01602	EMERGE	Calvin_Benson_1	EMERGE	Emerge	carbon dioxide->3-P-glycerate	False
K01623	EMERGE	Calvin_Benson_8	EMERGE	Emerge	erythrose-4-P+dihydroxyacetone-P->sedoheptulose-1,7-bis-P	False
K01624	EMERGE	Calvin_Benson_8	EMERGE	Emerge	erythrose-4-P+dihydroxyacetone-P->sedoheptulose-1,7-bis-P	False
K01625	EMERGE	galacturonic_acid_degradation_5	EMERGE	Emerge	2-dehydro-3-deoxy-6-phospho-D-gluconate->glyceraldehyde-3-phosphate+pyruvate	False
K01628	EMERGE	fucose_degradation_3	EMERGE	Emerge	L-fuculose-1P->glycerone-P	False
K01648	EMERGE	rTCA_1	EMERGE	Emerge	citrate->acetyl-CoA+oxaloacetate	False
K01685	EMERGE	galacturonic_acid_degradation_3	EMERGE	Emerge	D-altronate->2-dehydro-3-deoxy-D-gluconate	False
K01692	EMERGE	HPHB_DCHB_20	EMERGE	Emerge	crotonyl-CoA->3-hydroxybutanoyl-CoA	False
K01715	EMERGE	HPHB_DCHB_20	EMERGE	Emerge	crotonyl-CoA->3-hydroxybutanoyl-CoA	False
K01752	EMERGE	reductive_glycine_6	EMERGE	Emerge	serine->pyruvate+ammonium	False
K01754	EMERGE	reductive_glycine_6	EMERGE	Emerge	serine->pyruvate+ammonium	False
K01782	EMERGE	HPHB_DCHB_20	EMERGE	Emerge	crotonyl-CoA->3-hydroxybutanoyl-CoA	False
K01783	EMERGE	Calvin_Benson_11	EMERGE	Emerge	xylulose-5-P->ribulose-5-P	False
K01784	EMERGE	galactose_degradation_4	EMERGE	Emerge	UPD-a-galactose->UPD-glucose	False
K01785	EMERGE	galactose_degradation_1	EMERGE	Emerge	D-galactose->a-D-galactose	False
K01803	EMERGE	Calvin_Benson_4	EMERGE	Emerge	glyceraldehyde-3-P->dihydroxyacetone-P	False
K01805	EMERGE	xylose_degradation_1	EMERGE	Emerge	D-xylose->D-xylulose	False
K01807	EMERGE	Calvin_Benson_10	EMERGE	Emerge	ribose-5-P->ribulose-5-P	False
K01808	EMERGE	Calvin_Benson_10	EMERGE	Emerge	ribose-5-P->ribulose-5-P	False
K01809	EMERGE	mannose_degradation_3	EMERGE	Emerge	D-mannose-6P->D-fructose-6P	False
K01812	EMERGE	galacturonic_acid_degradation_1	EMERGE	Emerge	D-galacturonate->D-tagaturonate	False
K01818	EMERGE	fucose_degradation_1	EMERGE	Emerge	L-fucose->L-fuculose	False
K01825	EMERGE	HPHB_DCHB_20	EMERGE	Emerge	crotonyl-CoA->3-hydroxybutanoyl-CoA	False
K01841	EMERGE	phosphorous_redox_2	EMERGE	Emerge	PEP->pyruvate-PO3	False
K01847	EMERGE	HPHB_DCHB_15	EMERGE	Emerge	R-methylmalonyl-CoA->succinyl-CoA	False
K01848	EMERGE	HPHB_DCHB_15	EMERGE	Emerge	R-methylmalonyl-CoA->succinyl-CoA	False
K01849	EMERGE	HPHB_DCHB_15	EMERGE	Emerge	R-methylmalonyl-CoA->succinyl-CoA	False
K01895	EMERGE	acetoclastic_methanogenesis_1	EMERGE	Emerge	acetate->acetyl-CoA	False
K01905	EMERGE	propionate_fermentation_9	EMERGE	Emerge	propionyl-CoA->propionate	False
K01938	EMERGE	Wood_Ljungdahl_2	EMERGE	Emerge	formate+THF->formyl-H4MPT	False
K01961	EMERGE	Fuchs_Holo_1	EMERGE	Emerge	acetyl-CoA->malonyl-CoA	False
K01962	EMERGE	HPHB_DCHB_8	EMERGE	Emerge	propionyl-CoA+bicarbonate+acetyl-CoA+bicarbonate->S-methylmalonyl-CoA+malonyl-CoA	False
K01963	EMERGE	HPHB_DCHB_8	EMERGE	Emerge	propionyl-CoA+bicarbonate+acetyl-CoA+bicarbonate->S-methylmalonyl-CoA+malonyl-CoA	False
K02160	EMERGE	HPHB_DCHB_8	EMERGE	Emerge	propionyl-CoA+bicarbonate+acetyl-CoA+bicarbonate->S-methylmalonyl-CoA+malonyl-CoA	False
K02305	EMERGE	nitrogen_redox_5	EMERGE	Emerge	nitric oxide->nitrous oxide	False
K02387	EMERGE	flagella_assembly_5	EMERGE	Emerge	basal body->None	False
K02388	EMERGE	flagella_assembly_5	EMERGE	Emerge	basal body->None	False
K02390	EMERGE	flagella_assembly_8	EMERGE	Emerge	hook->None	False
K02391	EMERGE	flagella_assembly_5	EMERGE	Emerge	basal body->None	False
K02392	EMERGE	flagella_assembly_5	EMERGE	Emerge	basal body->None	False
K02393	EMERGE	flagella_assembly_7	EMERGE	Emerge	L-ring->None	False
K02394	EMERGE	flagella_assembly_6	EMERGE	Emerge	P-ring->None	False
K02396	EMERGE	flagella_assembly_8	EMERGE	Emerge	hook->None	False
K02397	EMERGE	flagella_assembly_8	EMERGE	Emerge	hook->None	False
K02400	EMERGE	flagella_assembly_3	EMERGE	Emerge	type-III secretion->None	False
K02401	EMERGE	flagella_assembly_3	EMERGE	Emerge	type-III secretion->None	False
K02406	EMERGE	flagella_assembly_9	EMERGE	Emerge	filament->None	False
K02409	EMERGE	flagella_assembly_4	EMERGE	Emerge	MS-ring->None	False
K02410	EMERGE	flagella_assembly_2	EMERGE	Emerge	C-ring->None	False
K02412	EMERGE	flagella_assembly_3	EMERGE	Emerge	type-III secretion->None	False
K02414	EMERGE	flagella_assembly_3	EMERGE	Emerge	type-III secretion->None	False
K02416	EMERGE	flagella_assembly_2	EMERGE	Emerge	C-ring->None	False
K02417	EMERGE	flagella_assembly_2	EMERGE	Emerge	C-ring->None	False
K02419	EMERGE	flagella_assembly_3	EMERGE	Emerge	type-III secretion->None	False
K02420	EMERGE	flagella_assembly_3	EMERGE	Emerge	type-III secretion->None	False
K02421	EMERGE	flagella_assembly_3	EMERGE	Emerge	type-III secretion->None	False
K02437	EMERGE	reductive_glycine_4	EMERGE	Emerge	5,10_methylene_H4F+ammonium+carbon-dioxide->glycine	False
K02446	EMERGE	Calvin_Benson_6	EMERGE	Emerge	fructose-1,6-bis-P->fructose-6-P	False
K02556	EMERGE	flagella_assembly_1	EMERGE	Emerge	stator->None	False
K02557	EMERGE	flagella_assembly_1	EMERGE	Emerge	stator->None	False
K02567	EMERGE	nitrogen_redox_1	EMERGE	Emerge	nitrate->nitrite	False
K02568	EMERGE	nitrogen_redox_1	EMERGE	Emerge	nitrate->nitrite	False
K02585	EMERGE	nitrogen_redox_7	EMERGE	Emerge	dinitrogen->ammonium	False
K02586	EMERGE	nitrogen_redox_7	EMERGE	Emerge	dinitrogen->ammonium	False
K02587	EMERGE	nitrogen_redox_7	EMERGE	Emerge	dinitrogen->ammonium	False
K02588	EMERGE	nitrogen_redox_7	EMERGE	Emerge	dinitrogen->ammonium	False
K02591	EMERGE	nitrogen_redox_7	EMERGE	Emerge	dinitrogen->ammonium	False
K02592	EMERGE	nitrogen_redox_7	EMERGE	Emerge	dinitrogen->ammonium	False
K02793	EMERGE	mannose_degradation_2	EMERGE	Emerge	D-mannose->D-mannose-6P	False
K02794	EMERGE	mannose_degradation_2	EMERGE	Emerge	D-mannose->D-mannose-6P	False
K02795	EMERGE	mannose_degradation_2	EMERGE	Emerge	D-mannose->D-mannose-6P	False
K02796	EMERGE	mannose_degradation_2	EMERGE	Emerge	D-mannose->D-mannose-6P	False
K03385	EMERGE	nitrogen_redox_15	EMERGE	Emerge	nitric oxide->ammonium	False
K03388	EMERGE	methylotrophic_methanogenesis_8	EMERGE	Emerge	CoM-S-S-CoB->CoM+CoB	False
K03389	EMERGE	methylotrophic_methanogenesis_8	EMERGE	Emerge	CoM-S-S-CoB->CoM+CoB	False
K03390	EMERGE	methylotrophic_methanogenesis_8	EMERGE	Emerge	CoM-S-S-CoB->CoM+CoB	False
K03396	EMERGE	carbon_redox_6	EMERGE	Emerge	formaldehyde->formate	False
K03406	EMERGE	chemotaxis_1	EMERGE	Emerge	mcp->None	False
K03407	EMERGE	chemotaxis_3	EMERGE	Emerge	cheA->None	False
K03408	EMERGE	chemotaxis_2	EMERGE	Emerge	cheW->None	False
K03412	EMERGE	chemotaxis_5	EMERGE	Emerge	cheBR->None	False
K03413	EMERGE	chemotaxis_4	EMERGE	Emerge	cheY->None	False
K03416	EMERGE	propionate_fermentation_8	EMERGE	Emerge	S-methylmalonyl-CoA->propionyl-CoA	False
K03737	EMERGE	butanoate_fermentation_14	EMERGE	Emerge	pyruvate->acetyl-CoA	False
K03776	EMERGE	chemotaxis_1	EMERGE	Emerge	mcp->None	False
K03777	EMERGE	propionate_fermentation_10	EMERGE	Emerge	pyruvate->lactate	False
K03778	EMERGE	propionate_fermentation_10	EMERGE	Emerge	pyruvate->lactate	False
K03841	EMERGE	Calvin_Benson_6	EMERGE	Emerge	fructose-1,6-bis-P->fructose-6-P	False
K04013	EMERGE	nitrogen_redox_15	EMERGE	Emerge	nitric oxide->ammonium	False
K04020	EMERGE	acetoclastic_methanogenesis_3	EMERGE	Emerge	acetyl-P->acetyl-CoA	False
K04041	EMERGE	Calvin_Benson_6	EMERGE	Emerge	fructose-1,6-bis-P->fructose-6-P	False
K04072	EMERGE	ethanol_fermentation_3	EMERGE	Emerge	acetaldehyde->ethanol	False
K04073	EMERGE	ethanol_fermentation_2	EMERGE	Emerge	acetyl-CoA->acetaldehyde	False
K04480	EMERGE	methylotrophic_methanogenesis_1	EMERGE	Emerge	methanol->methyl-CoM	False
K04488	EMERGE	nitrogen_redox_7	EMERGE	Emerge	dinitrogen->ammonium	False
K045610	EMERGE	nitrogen_redox_5	EMERGE	Emerge	nitric oxide->nitrous oxide	False
K045611	EMERGE	nitrogen_redox_4	EMERGE	Emerge	nitric oxide->dinitrogen	False
K05299	EMERGE	Wood_Ljungdahl_1	EMERGE	Emerge	carbon dioxide->formate	False
K05306	EMERGE	phosphorous_redox_9	EMERGE	Emerge	acetaldehyde-phosphonate->phosphate	False
K05349	EMERGE	cellulose_degradation_3	EMERGE	Emerge	cellobiose->D-glucose	False
K05350	EMERGE	cellulose_degradation_3	EMERGE	Emerge	cellobiose->D-glucose	False
K05351	EMERGE	xylose_degradation_4	EMERGE	Emerge	xylitol->D-xylulose	False
K05601	EMERGE	nitrogen_redox_5	EMERGE	Emerge	nitric oxide->nitrous oxide	False
K05606	EMERGE	HPHB_DCHB_14	EMERGE	Emerge	S-methylmalonyl-CoA->R-methylmalonyl-CoA	False
K05780	EMERGE	phosphorous_redox_6	EMERGE	Emerge	methyl-phosphonate->phosphate	False
K05781	EMERGE	phosphorous_redox_6	EMERGE	Emerge	methyl-phosphonate->phosphate	False
K05874	EMERGE	chemotaxis_1	EMERGE	Emerge	mcp->None	False
K05875	EMERGE	chemotaxis_1	EMERGE	Emerge	mcp->None	False
K05876	EMERGE	chemotaxis_1	EMERGE	Emerge	mcp->None	False
K05877	EMERGE	chemotaxis_1	EMERGE	Emerge	mcp->None	False
K05878	EMERGE	glycerol_degradation_3	EMERGE	Emerge	glycerone->glycerone-P	False
K05879	EMERGE	glycerol_degradation_3	EMERGE	Emerge	glycerone->glycerone-P	False
K05881	EMERGE	glycerol_degradation_3	EMERGE	Emerge	glycerone->glycerone-P	False
K05915	EMERGE	phosphorous_redox_6	EMERGE	Emerge	methyl-phosphonate->phosphate	False
K05916	EMERGE	nitrogen_redox_14	EMERGE	Emerge	nitric oxide->nitrate	False
K06595	EMERGE	chemotaxis_1	EMERGE	Emerge	mcp->None	False
K06162	EMERGE	phosphorous_redox_6	EMERGE	Emerge	methyl-phosphonate->phosphate	False
K06163	EMERGE	phosphorous_redox_6	EMERGE	Emerge	methyl-phosphonate->phosphate	False
K06164	EMERGE	phosphorous_redox_6	EMERGE	Emerge	methyl-phosphonate->phosphate	False
K06165	EMERGE	phosphorous_redox_6	EMERGE	Emerge	methyl-phosphonate->phosphate	False
K06166	EMERGE	phosphorous_redox_6	EMERGE	Emerge	methyl-phosphonate->phosphate	False
K07516	EMERGE	HPHB_DCHB_21	EMERGE	Emerge	3-hydroxybutanoyl-CoA->acetoacetyl-CoA	False
K08264	EMERGE	methylotrophic_methanogenesis_8	EMERGE	Emerge	CoM-S-S-CoB->CoM+CoB	False
K08265	EMERGE	methylotrophic_methanogenesis_8	EMERGE	Emerge	CoM-S-S-CoB->CoM+CoB	False
K08318	EMERGE	HPHB_DCHB_17	EMERGE	Emerge	succinate semialdehyde->4-hydroxybutanoate	False
K08348	EMERGE	carbon_redox_7	EMERGE	Emerge	formate->carbon dioxide	False
K08349	EMERGE	carbon_redox_7	EMERGE	Emerge	formate->carbon dioxide	False
K08350	EMERGE	carbon_redox_7	EMERGE	Emerge	formate->carbon dioxide	False
K08352	EMERGE	sulfur_redox_5	EMERGE	Emerge	thiosulfate->sulfide	False
K08353	EMERGE	sulfur_redox_5	EMERGE	Emerge	thiosulfate->sulfide	False
K08354	EMERGE	sulfur_redox_5	EMERGE	Emerge	thiosulfate->sulfide	False
K08357	EMERGE	sulfur_redox_4	EMERGE	Emerge	tetrathionate->thiosulfate	False
K08358	EMERGE	sulfur_redox_4	EMERGE	Emerge	tetrathionate->thiosulfate	False
K08359	EMERGE	sulfur_redox_4	EMERGE	Emerge	tetrathionate->thiosulfate	False
K08691	EMERGE	Fuchs_Holo_10	EMERGE	Emerge	S-malyl-CoA+propionyl-CoA+S-citramalyl-CoA->glyoxylate+acetyl-CoA+2R,3S-B-methylmalyl-CoA+pyruvate	False
K09709	EMERGE	Fuchs_Holo_13	EMERGE	Emerge	mesaconyl-C4-CoA->S-citramalyl-CoA	False
K09459	EMERGE	phosphorous_redox_3	EMERGE	Emerge	pyruvate-phosphonate->acetaldehyde-phosphonate	False
K10535	EMERGE	nitrogen_redox_11	EMERGE	Emerge	hydroxylamine->nitric oxide	False
K10670	EMERGE	reductive_glycine_7	EMERGE	Emerge	glycine->acetyl-P+ammonium	False
K10671	EMERGE	reductive_glycine_7	EMERGE	Emerge	glycine->acetyl-P+ammonium	False
K10672	EMERGE	reductive_glycine_7	EMERGE	Emerge	glycine->acetyl-P+ammonium	False
K10713	EMERGE	carbon_redox_5	EMERGE	Emerge	formaldehyde->5,10-methylene-THMPT	False
K109440	EMERGE	carbon_redox_3	EMERGE	Emerge	methane->methanol	False
K109450	EMERGE	carbon_redox_3	EMERGE	Emerge	methane->methanol	False
K109460	EMERGE	carbon_redox_3	EMERGE	Emerge	methane->methanol	False
K109441	EMERGE	nitrogen_redox_10	EMERGE	Emerge	ammonium->hydroxylamine	False
K109451	EMERGE	nitrogen_redox_10	EMERGE	Emerge	ammonium->hydroxylamine	False
K109461	EMERGE	nitrogen_redox_10	EMERGE	Emerge	ammonium->hydroxylamine	False
K111800	EMERGE	sulfur_redox_3	EMERGE	Emerge	sulfite->sulfide	False
K111801	EMERGE	sulfur_redox_9	EMERGE	Emerge	sulfur->sulfite	False
K111810	EMERGE	sulfur_redox_3	EMERGE	Emerge	sulfite->sulfide	False
K111811	EMERGE	sulfur_redox_9	EMERGE	Emerge	sulfur->sulfite	False
K11260	EMERGE	Wood_Ljungdahl_3	EMERGE	Emerge	carbon dioxide+MFR->formyl-MFR	False
K11261	EMERGE	Wood_Ljungdahl_3	EMERGE	Emerge	carbon dioxide+MFR->formyl-MFR	False
K11264	EMERGE	propionate_fermentation_8	EMERGE	Emerge	S-methylmalonyl-CoA->propionyl-CoA	False
K11532	EMERGE	Calvin_Benson_9	EMERGE	Emerge	sedoheptulose-1,7-bis-P->sedoheptulose-7-P	False
K11933	EMERGE	nitrogen_redox_5	EMERGE	Emerge	nitric oxide->nitrous oxide	False
K12111	EMERGE	lactose_degradation_1	EMERGE	Emerge	lactose->D-galactose+D-glucose	False
K12112	EMERGE	lactose_degradation_1	EMERGE	Emerge	lactose->D-galactose+D-glucose	False
K12264	EMERGE	nitrogen_redox_5	EMERGE	Emerge	nitric oxide->nitrous oxide	False
K12265	EMERGE	nitrogen_redox_5	EMERGE	Emerge	nitric oxide->nitrous oxide	False
K12957	EMERGE	ethanol_fermentation_3	EMERGE	Emerge	acetaldehyde->ethanol	False
K13788	EMERGE	acetoclastic_methanogenesis_3	EMERGE	Emerge	acetyl-P->acetyl-CoA	False
K13812	EMERGE	carbon_redox_5	EMERGE	Emerge	formaldehyde->5,10-methylene-THMPT	False
K13924	EMERGE	chemotaxis_5	EMERGE	Emerge	cheBR->None	False
K13942	EMERGE	Wood_Ljungdahl_8	EMERGE	Emerge	5,10_methenyl_H4MPT->5,10_methylene_H4MPT	False
K13953	EMERGE	ethanol_fermentation_3	EMERGE	Emerge	acetaldehyde->ethanol	False
K13954	EMERGE	ethanol_fermentation_3	EMERGE	Emerge	acetaldehyde->ethanol	False
K13979	EMERGE	ethanol_fermentation_3	EMERGE	Emerge	acetaldehyde->ethanol	False
K14028	EMERGE	ethanol_fermentation_3	EMERGE	Emerge	acetaldehyde->ethanol	False
K14029	EMERGE	ethanol_fermentation_3	EMERGE	Emerge	acetaldehyde->ethanol	False
K14048	EMERGE	urea_degradation_1	EMERGE	Emerge	urea->carbon dioxide	False
K14080	EMERGE	methylotrophic_methanogenesis_1	EMERGE	Emerge	methanol->methyl-CoM	False
K14081	EMERGE	methylotrophic_methanogenesis_1	EMERGE	Emerge	methanol->methyl-CoM	False
K14082	EMERGE	methylotrophic_methanogenesis_4	EMERGE	Emerge	trimethylamine->methyl-CoM	False
K14083	EMERGE	methylotrophic_methanogenesis_4	EMERGE	Emerge	trimethylamine->methyl-CoM	False
K14084	EMERGE	methylotrophic_methanogenesis_4	EMERGE	Emerge	trimethylamine->methyl-CoM	False
K14138	EMERGE	Wood_Ljungdahl_11	EMERGE	Emerge	5_methyl_H4MPT->H4MPT+acetyl_CoA	False
K14273	EMERGE	xylose_degradation_5	EMERGE	Emerge	D-xylose->D-xylonolactone	False
K14274	EMERGE	xylose_degradation_6	EMERGE	Emerge	D-xylonolactone->D-xylonate	False
K14275	EMERGE	xylose_degradation_7	EMERGE	Emerge	D-xylonate->2-dehydro-3-deoxy-D-xylonate	False
K14449	EMERGE	Fuchs_Holo_11	EMERGE	Emerge	2R,3S-B-methylmalyl->mesaconyl-C1-CoA	False
K14468	EMERGE	HPHB_DCHB_10	EMERGE	Emerge	malonate-semialdehyde->3-hydroxypropionate	False
K14469	EMERGE	HPHB_DCHB_13	EMERGE	Emerge	acryloyl-CoA->propionyl-CoA	False
K14470	EMERGE	Fuchs_Holo_12	EMERGE	Emerge	mesaconyl-C1-CoA->mesaconyl-C4-CoA	False
K14471	EMERGE	Fuchs_Holo_7	EMERGE	Emerge	succinyl-CoA+malate->succinate+S-malyl-CoA	False
K14472	EMERGE	Fuchs_Holo_7	EMERGE	Emerge	succinyl-CoA+malate->succinate+S-malyl-CoA	False
K14534	EMERGE	HPHB_DCHB_19	EMERGE	Emerge	4-hydroxybutanoyl-CoA->crotonyl-CoA	False
K15018	EMERGE	HPHB_DCHB_13	EMERGE	Emerge	acryloyl-CoA->propionyl-CoA	False
K15019	EMERGE	HPHB_DCHB_13	EMERGE	Emerge	acryloyl-CoA->propionyl-CoA	False
K15020	EMERGE	HPHB_DCHB_13	EMERGE	Emerge	acryloyl-CoA->propionyl-CoA	False
K15022	EMERGE	Wood_Ljungdahl_1	EMERGE	Emerge	carbon dioxide->formate	False
K15052	EMERGE	Fuchs_Holo_4	EMERGE	Emerge	propionyl-CoA+bicarbonate->S-methylmalonyl-CoA	False
K15230	EMERGE	rTCA_1	EMERGE	Emerge	citrate->acetyl-CoA+oxaloacetate	False
K15231	EMERGE	rTCA_1	EMERGE	Emerge	citrate->acetyl-CoA+oxaloacetate	False
K15232	EMERGE	rTCA_1	EMERGE	Emerge	citrate->acetyl-CoA+oxaloacetate	False
K15233	EMERGE	rTCA_1	EMERGE	Emerge	citrate->acetyl-CoA+oxaloacetate	False
K15234	EMERGE	rTCA_1	EMERGE	Emerge	citrate->acetyl-CoA+oxaloacetate	False
K15790	EMERGE	nitrogen_redox_7	EMERGE	Emerge	dinitrogen->ammonium	False
K15864	EMERGE	nitrogen_redox_3	EMERGE	Emerge	nitrite->nitric oxide	False
K15876	EMERGE	nitrogen_redox_2	EMERGE	Emerge	nitrite->ammonium	False
K15916	EMERGE	mannose_degradation_3	EMERGE	Emerge	D-mannose-6P->D-fructose-6P	False
K16011	EMERGE	mannose_degradation_3	EMERGE	Emerge	D-mannose-6P->D-fructose-6P	False
K16157	EMERGE	carbon_redox_3	EMERGE	Emerge	methane->methanol	False
K16158	EMERGE	carbon_redox_3	EMERGE	Emerge	methane->methanol	False
K16159	EMERGE	carbon_redox_3	EMERGE	Emerge	methane->methanol	False
K16160	EMERGE	carbon_redox_3	EMERGE	Emerge	methane->methanol	False
K16161	EMERGE	carbon_redox_3	EMERGE	Emerge	methane->methanol	False
K16176	EMERGE	methylotrophic_methanogenesis_2	EMERGE	Emerge	methylamine->methyl-CoM	False
K16177	EMERGE	methylotrophic_methanogenesis_2	EMERGE	Emerge	methylamine->methyl-CoM	False
K16178	EMERGE	methylotrophic_methanogenesis_3	EMERGE	Emerge	dimethylamine->methyl-CoM	False
K16179	EMERGE	methylotrophic_methanogenesis_3	EMERGE	Emerge	dimethylamine->methyl-CoM	False
K16849	EMERGE	galacturonic_acid_degradation_3	EMERGE	Emerge	D-altronate->2-dehydro-3-deoxy-D-gluconate	False
K16850	EMERGE	galacturonic_acid_degradation_3	EMERGE	Emerge	D-altronate->2-dehydro-3-deoxy-D-gluconate	False
K16952	EMERGE	sulfur_redox_13	EMERGE	Emerge	sulfide->sulfur	False
K16954	EMERGE	methylotrophic_methanogenesis_5	EMERGE	Emerge	methanethiol->methyl-CoM	False
K16955	EMERGE	methylotrophic_methanogenesis_5	EMERGE	Emerge	methanethiol->methyl-CoM	False
K17218	EMERGE	sulfur_redox_11	EMERGE	Emerge	sulfide->sulfur	False
K17219	EMERGE	sulfur_redox_14	EMERGE	Emerge	sulfide->sulfur	False
K17220	EMERGE	sulfur_redox_14	EMERGE	Emerge	sulfide->sulfur	False
K17221	EMERGE	sulfur_redox_14	EMERGE	Emerge	sulfide->sulfur	False
K17222	EMERGE	sulfur_redox_10	EMERGE	Emerge	thiosulfate->sulfur	False
K17223	EMERGE	sulfur_redox_10	EMERGE	Emerge	thiosulfate->sulfur	False
K17224	EMERGE	sulfur_redox_10	EMERGE	Emerge	thiosulfate->sulfur	False
K17225	EMERGE	sulfur_redox_10	EMERGE	Emerge	thiosulfate->sulfur	False
K17226	EMERGE	sulfur_redox_10	EMERGE	Emerge	thiosulfate->sulfur	False
K17227	EMERGE	sulfur_redox_10	EMERGE	Emerge	thiosulfate->sulfur	False
K17229	EMERGE	sulfur_redox_12	EMERGE	Emerge	sulfide->sulfur	False
K17230	EMERGE	sulfur_redox_12	EMERGE	Emerge	sulfide->sulfur	False
K17463	EMERGE	galacturonic_acid_degradation_5	EMERGE	Emerge	2-dehydro-3-deoxy-6-phospho-D-gluconate->glyceraldehyde-3-phosphate+pyruvate	False
K17743	EMERGE	xylose_degradation_3	EMERGE	Emerge	D-xylose->xylitol	False
K17829	EMERGE	butanoate_fermentation_10	EMERGE	Emerge	crotonoyl-CoA->butanoyl-CoA	False
K17865	EMERGE	HPHB_DCHB_20	EMERGE	Emerge	crotonyl-CoA->3-hydroxybutanoyl-CoA	False
K18119	EMERGE	HPHB_DCHB_16	EMERGE	Emerge	succinyl-CoA->succinate semialdehyde	False
K18120	EMERGE	HPHB_DCHB_17	EMERGE	Emerge	succinate semialdehyde->4-hydroxybutanoate	False
K18122	EMERGE	HPHB_DCHB_18	EMERGE	Emerge	4-hydroxybutanoate->4-hydroxybutanoyl-CoA	False
K18366	EMERGE	ethanol_fermentation_2	EMERGE	Emerge	acetyl-CoA->acetaldehyde	False
K18472	EMERGE	HPHB_DCHB_8	EMERGE	Emerge	propionyl-CoA+bicarbonate+acetyl-CoA+bicarbonate->S-methylmalonyl-CoA+malonyl-CoA	False
K18556	EMERGE	HPHB_DCHB_6	EMERGE	Emerge	fumarate->succinate	False
K18557	EMERGE	HPHB_DCHB_6	EMERGE	Emerge	fumarate->succinate	False
K18558	EMERGE	HPHB_DCHB_6	EMERGE	Emerge	fumarate->succinate	False
K18559	EMERGE	HPHB_DCHB_6	EMERGE	Emerge	fumarate->succinate	False
K18560	EMERGE	HPHB_DCHB_6	EMERGE	Emerge	fumarate->succinate	False
K18930	EMERGE	propionate_fermentation_10	EMERGE	Emerge	pyruvate->lactate	False
K18916	EMERGE	phosphorous_redox_5	EMERGE	Emerge	phosphite->phosphate	False
K19668	EMERGE	cellulose_degradation_2	EMERGE	Emerge	1,4-B-D-cellulose->cellobiose	False
K19669	EMERGE	phosphorous_redox_7	EMERGE	Emerge	pyruvate-phosphonate->phosphate	False
K19670	EMERGE	phosphorous_redox_8	EMERGE	Emerge	acetate-phosphonate->phosphate	False
K19709	EMERGE	butanoate_fermentation_11	EMERGE	Emerge	butanoyl-CoA->butanoate	False
K19745	EMERGE	propionate_fermentation_13	EMERGE	Emerge	acryloyl-CoA->propionyl-CoA	False
K20143	EMERGE	propionate_fermentation_13	EMERGE	Emerge	acryloyl-CoA->propionyl-CoA	False
K20626	EMERGE	propionate_fermentation_12	EMERGE	Emerge	lactoyl-CoA->acryloyl-CoA	False
K20627	EMERGE	propionate_fermentation_12	EMERGE	Emerge	lactoyl-CoA->acryloyl-CoA	False
K20829	EMERGE	cellulose_degradation_1	EMERGE	Emerge	1,4-B-D-cellulose->cellobiose	False
K20932	EMERGE	nitrogen_redox_8	EMERGE	Emerge	ammonium/nitric oxide->hydrazine	False
K20933	EMERGE	nitrogen_redox_8	EMERGE	Emerge	ammonium/nitric oxide->hydrazine	False
K20934	EMERGE	nitrogen_redox_8	EMERGE	Emerge	ammonium/nitric oxide->hydrazine	False
K20935	EMERGE	nitrogen_redox_9	EMERGE	Emerge	hydrazine->dinitrogen	False
K21576	EMERGE	reductive_glycine_7	EMERGE	Emerge	glycine->acetyl-P+ammonium	False
K21577	EMERGE	reductive_glycine_7	EMERGE	Emerge	glycine->acetyl-P+ammonium	False
K21836	EMERGE	propionate_fermentation_10	EMERGE	Emerge	pyruvate->lactate	False
K22015	EMERGE	Wood_Ljungdahl_1	EMERGE	Emerge	carbon dioxide->formate	False
K22186	EMERGE	xylose_degradation_7	EMERGE	Emerge	D-xylonate->2-dehydro-3-deoxy-D-xylonate	False
K22224	EMERGE	propionate_fermentation_9	EMERGE	Emerge	propionyl-CoA->propionate	False
K22268	EMERGE	xylan_degradation_1	EMERGE	Emerge	1,4-B-D-xylan->D-xylose	False
K22396	EMERGE	xylose_degradation_7	EMERGE	Emerge	D-xylonate->2-dehydro-3-deoxy-D-xylonate	False
K22473	EMERGE	ethanol_fermentation_5	EMERGE	Emerge	ethanol->acetaldehyde	False
K22474	EMERGE	ethanol_fermentation_5	EMERGE	Emerge	ethanol->acetaldehyde	False
K22480	EMERGE	methylotrophic_methanogenesis_8	EMERGE	Emerge	CoM-S-S-CoB->CoM+CoB	False
K22481	EMERGE	methylotrophic_methanogenesis_8	EMERGE	Emerge	CoM-S-S-CoB->CoM+CoB	False
K22482	EMERGE	methylotrophic_methanogenesis_8	EMERGE	Emerge	CoM-S-S-CoB->CoM+CoB	False
K22515	EMERGE	carbon_redox_7	EMERGE	Emerge	formate->carbon dioxide	False
K22622	EMERGE	sulfur_redox_10	EMERGE	Emerge	thiosulfate->sulfur	False
K22896	EMERGE	nitrogen_redox_7	EMERGE	Emerge	dinitrogen->ammonium	False
K22897	EMERGE	nitrogen_redox_7	EMERGE	Emerge	dinitrogen->ammonium	False
K22898	EMERGE	nitrogen_redox_7	EMERGE	Emerge	dinitrogen->ammonium	False
K22899	EMERGE	nitrogen_redox_7	EMERGE	Emerge	dinitrogen->ammonium	False
K22903	EMERGE	nitrogen_redox_7	EMERGE	Emerge	dinitrogen->ammonium	False
K23077	EMERGE	sulfur_redox_9	EMERGE	Emerge	sulfur->sulfite	False
K23995	EMERGE	carbon_redox_4	EMERGE	Emerge	methanol->formaldehyde	False
K23996	EMERGE	phosphorous_redox_6	EMERGE	Emerge	methyl-phosphonate->phosphate	False
K23999	EMERGE	phosphorous_redox_2	EMERGE	Emerge	PEP->pyruvate-phosphonate	False
K24012	EMERGE	propionate_fermentation_9	EMERGE	Emerge	propionyl-CoA->propionate	False
K24442	EMERGE	xylose_degradation_5	EMERGE	Emerge	D-xylose->D-xylonolactone	False
K24443	EMERGE	xylose_degradation_6	EMERGE	Emerge	D-xylonolactone->D-xylonate	False
K25123	EMERGE	Wood_Ljungdahl_1	EMERGE	Emerge	carbon dioxide->formate	False
K25124	EMERGE	Wood_Ljungdahl_1	EMERGE	Emerge	carbon dioxide->formate	False
K10714	EMERGE	carbon_redox_6	EMERGE	Emerge	formaldehyde->formate	False
K17993	EMERGE	sulfur_redox_15	EMERGE	Emerge	polysulfide->sulfide	False
K17994	EMERGE	sulfur_redox_15	EMERGE	Emerge	polysulfide->sulfide	False
K17995	EMERGE	sulfur_redox_15	EMERGE	Emerge	polysulfide->sulfide	False
K17996	EMERGE	sulfur_redox_15	EMERGE	Emerge	polysulfide->sulfide	False
