,1,2,3,4,5,6,7,8,9,10,11,12,13,14,15,16,17,18,19,20,21,22,23,24,25,26,27,28,29,30,31,32,33,34,35,36,37,38,39,40,41,42,43,44,45,46,47,48,49,50,51,52,53,54,55,56,57,58,59,60,61,62,63,64,65,66,67,68,69,70,71,72,73,74,75,76,77,78,79,80,81,82,83,84,85,86,87,88,89,90,91,92,93,94,95,96,97,98,99,100,101,102,103,104,105,106,107,108,109,110,111,112,113,114,115,116,117
1,NA,NA,NA,NA,NA,NA,NA,NA,NA,NA,NA,NA,NA,NA,NA,NA,NA,NA,NA,NA,NA,NA,NA,NA,NA,NA,NA,NA,NA,NA,NA,NA,NA,NA,NA,NA,NA,NA,NA,NA,NA,NA,NA,NA,NA,NA,NA,NA,NA,NA,NA,NA,NA,NA,NA,NA,NA,NA,NA,NA,NA,NA,NA,NA,NA,NA,NA,NA,NA,NA,NA,NA,NA,NA,NA,NA,NA,NA,NA,NA,NA,NA,NA,NA,NA,NA,NA,NA,NA,NA,NA,NA,NA,NA,NA,NA,NA,NA,NA,NA,NA,NA,NA,NA,NA,NA,NA,NA,NA,NA,NA,NA,NA,NA,NA,NA,NA
2,0.0589999999999999,NA,NA,NA,NA,NA,NA,NA,NA,NA,NA,NA,NA,NA,NA,NA,NA,NA,NA,NA,NA,NA,NA,NA,NA,NA,NA,NA,NA,NA,NA,NA,NA,NA,NA,NA,NA,NA,NA,NA,NA,NA,NA,NA,NA,NA,NA,NA,NA,NA,NA,NA,NA,NA,NA,NA,NA,NA,NA,NA,NA,NA,NA,NA,NA,NA,NA,NA,NA,NA,NA,NA,NA,NA,NA,NA,NA,NA,NA,NA,NA,NA,NA,NA,NA,NA,NA,NA,NA,NA,NA,NA,NA,NA,NA,NA,NA,NA,NA,NA,NA,NA,NA,NA,NA,NA,NA,NA,NA,NA,NA,NA,NA,NA,NA,NA,NA
3,0.1073,-0.8292,NA,NA,NA,NA,NA,NA,NA,NA,NA,NA,NA,NA,NA,NA,NA,NA,NA,NA,NA,NA,NA,NA,NA,NA,NA,NA,NA,NA,NA,NA,NA,NA,NA,NA,NA,NA,NA,NA,NA,NA,NA,NA,NA,NA,NA,NA,NA,NA,NA,NA,NA,NA,NA,NA,NA,NA,NA,NA,NA,NA,NA,NA,NA,NA,NA,NA,NA,NA,NA,NA,NA,NA,NA,NA,NA,NA,NA,NA,NA,NA,NA,NA,NA,NA,NA,NA,NA,NA,NA,NA,NA,NA,NA,NA,NA,NA,NA,NA,NA,NA,NA,NA,NA,NA,NA,NA,NA,NA,NA,NA,NA,NA,NA,NA,NA
4,0.1776,-1,-0.9756,NA,NA,NA,NA,NA,NA,NA,NA,NA,NA,NA,NA,NA,NA,NA,NA,NA,NA,NA,NA,NA,NA,NA,NA,NA,NA,NA,NA,NA,NA,NA,NA,NA,NA,NA,NA,NA,NA,NA,NA,NA,NA,NA,NA,NA,NA,NA,NA,NA,NA,NA,NA,NA,NA,NA,NA,NA,NA,NA,NA,NA,NA,NA,NA,NA,NA,NA,NA,NA,NA,NA,NA,NA,NA,NA,NA,NA,NA,NA,NA,NA,NA,NA,NA,NA,NA,NA,NA,NA,NA,NA,NA,NA,NA,NA,NA,NA,NA,NA,NA,NA,NA,NA,NA,NA,NA,NA,NA,NA,NA,NA,NA,NA,NA
5,0.1778,-1,-1,-0.9374,NA,NA,NA,NA,NA,NA,NA,NA,NA,NA,NA,NA,NA,NA,NA,NA,NA,NA,NA,NA,NA,NA,NA,NA,NA,NA,NA,NA,NA,NA,NA,NA,NA,NA,NA,NA,NA,NA,NA,NA,NA,NA,NA,NA,NA,NA,NA,NA,NA,NA,NA,NA,NA,NA,NA,NA,NA,NA,NA,NA,NA,NA,NA,NA,NA,NA,NA,NA,NA,NA,NA,NA,NA,NA,NA,NA,NA,NA,NA,NA,NA,NA,NA,NA,NA,NA,NA,NA,NA,NA,NA,NA,NA,NA,NA,NA,NA,NA,NA,NA,NA,NA,NA,NA,NA,NA,NA,NA,NA,NA,NA,NA,NA
6,0.0597000000000001,0.0620000000000001,0.1139,0.1733,0.1738,NA,NA,NA,NA,NA,NA,NA,NA,NA,NA,NA,NA,NA,NA,NA,NA,NA,NA,NA,NA,NA,NA,NA,NA,NA,NA,NA,NA,NA,NA,NA,NA,NA,NA,NA,NA,NA,NA,NA,NA,NA,NA,NA,NA,NA,NA,NA,NA,NA,NA,NA,NA,NA,NA,NA,NA,NA,NA,NA,NA,NA,NA,NA,NA,NA,NA,NA,NA,NA,NA,NA,NA,NA,NA,NA,NA,NA,NA,NA,NA,NA,NA,NA,NA,NA,NA,NA,NA,NA,NA,NA,NA,NA,NA,NA,NA,NA,NA,NA,NA,NA,NA,NA,NA,NA,NA,NA,NA,NA,NA,NA,NA
7,0.0581,0.0576000000000001,0.1133,0.1717,0.1716,0.0618000000000001,NA,NA,NA,NA,NA,NA,NA,NA,NA,NA,NA,NA,NA,NA,NA,NA,NA,NA,NA,NA,NA,NA,NA,NA,NA,NA,NA,NA,NA,NA,NA,NA,NA,NA,NA,NA,NA,NA,NA,NA,NA,NA,NA,NA,NA,NA,NA,NA,NA,NA,NA,NA,NA,NA,NA,NA,NA,NA,NA,NA,NA,NA,NA,NA,NA,NA,NA,NA,NA,NA,NA,NA,NA,NA,NA,NA,NA,NA,NA,NA,NA,NA,NA,NA,NA,NA,NA,NA,NA,NA,NA,NA,NA,NA,NA,NA,NA,NA,NA,NA,NA,NA,NA,NA,NA,NA,NA,NA,NA,NA,NA
8,0.11,-1,-1,-0.9774,-1,0.1141,0.1181,NA,NA,NA,NA,NA,NA,NA,NA,NA,NA,NA,NA,NA,NA,NA,NA,NA,NA,NA,NA,NA,NA,NA,NA,NA,NA,NA,NA,NA,NA,NA,NA,NA,NA,NA,NA,NA,NA,NA,NA,NA,NA,NA,NA,NA,NA,NA,NA,NA,NA,NA,NA,NA,NA,NA,NA,NA,NA,NA,NA,NA,NA,NA,NA,NA,NA,NA,NA,NA,NA,NA,NA,NA,NA,NA,NA,NA,NA,NA,NA,NA,NA,NA,NA,NA,NA,NA,NA,NA,NA,NA,NA,NA,NA,NA,NA,NA,NA,NA,NA,NA,NA,NA,NA,NA,NA,NA,NA,NA,NA
9,0.7062,-1,0.602,0.8242,0.894,-1,0.7145,0.7364,NA,NA,NA,NA,NA,NA,NA,NA,NA,NA,NA,NA,NA,NA,NA,NA,NA,NA,NA,NA,NA,NA,NA,NA,NA,NA,NA,NA,NA,NA,NA,NA,NA,NA,NA,NA,NA,NA,NA,NA,NA,NA,NA,NA,NA,NA,NA,NA,NA,NA,NA,NA,NA,NA,NA,NA,NA,NA,NA,NA,NA,NA,NA,NA,NA,NA,NA,NA,NA,NA,NA,NA,NA,NA,NA,NA,NA,NA,NA,NA,NA,NA,NA,NA,NA,NA,NA,NA,NA,NA,NA,NA,NA,NA,NA,NA,NA,NA,NA,NA,NA,NA,NA,NA,NA,NA,NA,NA,NA
10,-1,-1,-1,-1,-1,0.9607,0.9256,-1,0.9662,NA,NA,NA,NA,NA,NA,NA,NA,NA,NA,NA,NA,NA,NA,NA,NA,NA,NA,NA,NA,NA,NA,NA,NA,NA,NA,NA,NA,NA,NA,NA,NA,NA,NA,NA,NA,NA,NA,NA,NA,NA,NA,NA,NA,NA,NA,NA,NA,NA,NA,NA,NA,NA,NA,NA,NA,NA,NA,NA,NA,NA,NA,NA,NA,NA,NA,NA,NA,NA,NA,NA,NA,NA,NA,NA,NA,NA,NA,NA,NA,NA,NA,NA,NA,NA,NA,NA,NA,NA,NA,NA,NA,NA,NA,NA,NA,NA,NA,NA,NA,NA,NA,NA,NA,NA,NA,NA,NA
11,0.5185,0.5228,0.7715,0.8971,0.3812,0.514,0.5235,0.7765,0.8806,0.978,NA,NA,NA,NA,NA,NA,NA,NA,NA,NA,NA,NA,NA,NA,NA,NA,NA,NA,NA,NA,NA,NA,NA,NA,NA,NA,NA,NA,NA,NA,NA,NA,NA,NA,NA,NA,NA,NA,NA,NA,NA,NA,NA,NA,NA,NA,NA,NA,NA,NA,NA,NA,NA,NA,NA,NA,NA,NA,NA,NA,NA,NA,NA,NA,NA,NA,NA,NA,NA,NA,NA,NA,NA,NA,NA,NA,NA,NA,NA,NA,NA,NA,NA,NA,NA,NA,NA,NA,NA,NA,NA,NA,NA,NA,NA,NA,NA,NA,NA,NA,NA,NA,NA,NA,NA,NA,NA
12,0.0623,0.0533999999999999,0.1132,0.1736,0.1672,0.0576000000000001,0.0569,0.1122,0.719,0.9254,-0.1318,NA,NA,NA,NA,NA,NA,NA,NA,NA,NA,NA,NA,NA,NA,NA,NA,NA,NA,NA,NA,NA,NA,NA,NA,NA,NA,NA,NA,NA,NA,NA,NA,NA,NA,NA,NA,NA,NA,NA,NA,NA,NA,NA,NA,NA,NA,NA,NA,NA,NA,NA,NA,NA,NA,NA,NA,NA,NA,NA,NA,NA,NA,NA,NA,NA,NA,NA,NA,NA,NA,NA,NA,NA,NA,NA,NA,NA,NA,NA,NA,NA,NA,NA,NA,NA,NA,NA,NA,NA,NA,NA,NA,NA,NA,NA,NA,NA,NA,NA,NA,NA,NA,NA,NA,NA,NA
13,-0.7128,0.1764,0.307,0.4353,0.4468,0.1699,0.1686,0.3184,0.9827,-1,0.1126,-1,NA,NA,NA,NA,NA,NA,NA,NA,NA,NA,NA,NA,NA,NA,NA,NA,NA,NA,NA,NA,NA,NA,NA,NA,NA,NA,NA,NA,NA,NA,NA,NA,NA,NA,NA,NA,NA,NA,NA,NA,NA,NA,NA,NA,NA,NA,NA,NA,NA,NA,NA,NA,NA,NA,NA,NA,NA,NA,NA,NA,NA,NA,NA,NA,NA,NA,NA,NA,NA,NA,NA,NA,NA,NA,NA,NA,NA,NA,NA,NA,NA,NA,NA,NA,NA,NA,NA,NA,NA,NA,NA,NA,NA,NA,NA,NA,NA,NA,NA,NA,NA,NA,NA,NA,NA
14,0.1203,0.1157,0.2219,0.3154,0.3168,0.1183,0.1102,0.2178,0.9188,-1,-0.085,-0.9136,-1,NA,NA,NA,NA,NA,NA,NA,NA,NA,NA,NA,NA,NA,NA,NA,NA,NA,NA,NA,NA,NA,NA,NA,NA,NA,NA,NA,NA,NA,NA,NA,NA,NA,NA,NA,NA,NA,NA,NA,NA,NA,NA,NA,NA,NA,NA,NA,NA,NA,NA,NA,NA,NA,NA,NA,NA,NA,NA,NA,NA,NA,NA,NA,NA,NA,NA,NA,NA,NA,NA,NA,NA,NA,NA,NA,NA,NA,NA,NA,NA,NA,NA,NA,NA,NA,NA,NA,NA,NA,NA,NA,NA,NA,NA,NA,NA,NA,NA,NA,NA,NA,NA,NA,NA
15,-1,0.1732,0.3092,0.444,0.4454,0.1637,0.1717,0.3196,0.9834,-1,0.739,0.1753,-0.707,-0.5322,NA,NA,NA,NA,NA,NA,NA,NA,NA,NA,NA,NA,NA,NA,NA,NA,NA,NA,NA,NA,NA,NA,NA,NA,NA,NA,NA,NA,NA,NA,NA,NA,NA,NA,NA,NA,NA,NA,NA,NA,NA,NA,NA,NA,NA,NA,NA,NA,NA,NA,NA,NA,NA,NA,NA,NA,NA,NA,NA,NA,NA,NA,NA,NA,NA,NA,NA,NA,NA,NA,NA,NA,NA,NA,NA,NA,NA,NA,NA,NA,NA,NA,NA,NA,NA,NA,NA,NA,NA,NA,NA,NA,NA,NA,NA,NA,NA,NA,NA,NA,NA,NA,NA
16,0.0580000000000001,0.0581,0.117,0.1683,0.1686,0.0563,0.0572999999999999,0.1199,0.7144,0.6558,0.5131,0.0568,-0.8148,-0.7774,-0.9906,NA,NA,NA,NA,NA,NA,NA,NA,NA,NA,NA,NA,NA,NA,NA,NA,NA,NA,NA,NA,NA,NA,NA,NA,NA,NA,NA,NA,NA,NA,NA,NA,NA,NA,NA,NA,NA,NA,NA,NA,NA,NA,NA,NA,NA,NA,NA,NA,NA,NA,NA,NA,NA,NA,NA,NA,NA,NA,NA,NA,NA,NA,NA,NA,NA,NA,NA,NA,NA,NA,NA,NA,NA,NA,NA,NA,NA,NA,NA,NA,NA,NA,NA,NA,NA,NA,NA,NA,NA,NA,NA,NA,NA,NA,NA,NA,NA,NA,NA,NA,NA,NA
17,-0.8862,0.0643,0.1158,0.1712,0.1661,0.0606,0.0590999999999999,0.1157,0.7224,0.914,0.5239,0.0615000000000001,-0.7936,0.1147,-0.701,0.0572999999999999,NA,NA,NA,NA,NA,NA,NA,NA,NA,NA,NA,NA,NA,NA,NA,NA,NA,NA,NA,NA,NA,NA,NA,NA,NA,NA,NA,NA,NA,NA,NA,NA,NA,NA,NA,NA,NA,NA,NA,NA,NA,NA,NA,NA,NA,NA,NA,NA,NA,NA,NA,NA,NA,NA,NA,NA,NA,NA,NA,NA,NA,NA,NA,NA,NA,NA,NA,NA,NA,NA,NA,NA,NA,NA,NA,NA,NA,NA,NA,NA,NA,NA,NA,NA,NA,NA,NA,NA,NA,NA,NA,NA,NA,NA,NA,NA,NA,NA,NA,NA,NA
18,-1,-1,-1,-0.993,-0.7862,0.2273,0.2336,-0.955,0.965,-1,0.9575,0.2244,-0.144,0.4115,-0.1628,0.2286,-1,NA,NA,NA,NA,NA,NA,NA,NA,NA,NA,NA,NA,NA,NA,NA,NA,NA,NA,NA,NA,NA,NA,NA,NA,NA,NA,NA,NA,NA,NA,NA,NA,NA,NA,NA,NA,NA,NA,NA,NA,NA,NA,NA,NA,NA,NA,NA,NA,NA,NA,NA,NA,NA,NA,NA,NA,NA,NA,NA,NA,NA,NA,NA,NA,NA,NA,NA,NA,NA,NA,NA,NA,NA,NA,NA,NA,NA,NA,NA,NA,NA,NA,NA,NA,NA,NA,NA,NA,NA,NA,NA,NA,NA,NA,NA,NA,NA,NA,NA,NA
19,0.1749,-1,-0.8868,-0.8058,-0.795,-0.8444,0.1723,-0.8748,0.1536,0.9264,0.8973,0.1676,0.4456,0.3135,0.4498,0.1711,0.1734,-0.7082,NA,NA,NA,NA,NA,NA,NA,NA,NA,NA,NA,NA,NA,NA,NA,NA,NA,NA,NA,NA,NA,NA,NA,NA,NA,NA,NA,NA,NA,NA,NA,NA,NA,NA,NA,NA,NA,NA,NA,NA,NA,NA,NA,NA,NA,NA,NA,NA,NA,NA,NA,NA,NA,NA,NA,NA,NA,NA,NA,NA,NA,NA,NA,NA,NA,NA,NA,NA,NA,NA,NA,NA,NA,NA,NA,NA,NA,NA,NA,NA,NA,NA,NA,NA,NA,NA,NA,NA,NA,NA,NA,NA,NA,NA,NA,NA,NA,NA,NA
20,0.1759,-0.7964,-0.8462,-0.761,-0.7182,-0.8968,0.1796,-0.8364,0.2118,0.942,0.8999,0.1721,0.4482,0.3155,0.4498,0.1676,0.1762,-0.6184,-0.9988,NA,NA,NA,NA,NA,NA,NA,NA,NA,NA,NA,NA,NA,NA,NA,NA,NA,NA,NA,NA,NA,NA,NA,NA,NA,NA,NA,NA,NA,NA,NA,NA,NA,NA,NA,NA,NA,NA,NA,NA,NA,NA,NA,NA,NA,NA,NA,NA,NA,NA,NA,NA,NA,NA,NA,NA,NA,NA,NA,NA,NA,NA,NA,NA,NA,NA,NA,NA,NA,NA,NA,NA,NA,NA,NA,NA,NA,NA,NA,NA,NA,NA,NA,NA,NA,NA,NA,NA,NA,NA,NA,NA,NA,NA,NA,NA,NA,NA
21,0.2187,-1,-1,-0.9204,-0.9488,0.2264,0.2294,-1,0.9348,-1,0.8208,0.2245,0.5543,0.4014,0.5507,0.2311,0.2239,-0.7344,-0.696,-0.6334,NA,NA,NA,NA,NA,NA,NA,NA,NA,NA,NA,NA,NA,NA,NA,NA,NA,NA,NA,NA,NA,NA,NA,NA,NA,NA,NA,NA,NA,NA,NA,NA,NA,NA,NA,NA,NA,NA,NA,NA,NA,NA,NA,NA,NA,NA,NA,NA,NA,NA,NA,NA,NA,NA,NA,NA,NA,NA,NA,NA,NA,NA,NA,NA,NA,NA,NA,NA,NA,NA,NA,NA,NA,NA,NA,NA,NA,NA,NA,NA,NA,NA,NA,NA,NA,NA,NA,NA,NA,NA,NA,NA,NA,NA,NA,NA,NA
22,0.0597000000000001,0.0592999999999999,-0.816,-0.7562,-0.696,0.0589,0.0623,-0.7834,0.7176,0.9218,0.5224,0.0598000000000001,0.1694,0.1099,0.1748,0.0589,0.0565,-0.5972,-0.8374,-0.7878,-0.6086,NA,NA,NA,NA,NA,NA,NA,NA,NA,NA,NA,NA,NA,NA,NA,NA,NA,NA,NA,NA,NA,NA,NA,NA,NA,NA,NA,NA,NA,NA,NA,NA,NA,NA,NA,NA,NA,NA,NA,NA,NA,NA,NA,NA,NA,NA,NA,NA,NA,NA,NA,NA,NA,NA,NA,NA,NA,NA,NA,NA,NA,NA,NA,NA,NA,NA,NA,NA,NA,NA,NA,NA,NA,NA,NA,NA,NA,NA,NA,NA,NA,NA,NA,NA,NA,NA,NA,NA,NA,NA,NA,NA,NA,NA,NA,NA
23,0.1143,-0.8074,-1,-0.9078,-0.9506,0.1159,0.1175,-0.921,0.706,-1,0.7831,0.1113,0.312,0.2308,0.3305,0.1172,0.1165,-0.8474,-0.8796,-0.8188,-1,-1,NA,NA,NA,NA,NA,NA,NA,NA,NA,NA,NA,NA,NA,NA,NA,NA,NA,NA,NA,NA,NA,NA,NA,NA,NA,NA,NA,NA,NA,NA,NA,NA,NA,NA,NA,NA,NA,NA,NA,NA,NA,NA,NA,NA,NA,NA,NA,NA,NA,NA,NA,NA,NA,NA,NA,NA,NA,NA,NA,NA,NA,NA,NA,NA,NA,NA,NA,NA,NA,NA,NA,NA,NA,NA,NA,NA,NA,NA,NA,NA,NA,NA,NA,NA,NA,NA,NA,NA,NA,NA,NA,NA,NA,NA,NA
24,0.0576000000000001,0.0569999999999999,0.1162,0.1665,0.1686,0.0573999999999999,0.0573999999999999,0.1145,0.7115,0.9292,0.0429999999999999,-0.875,-0.7456,-0.8532,0.163,0.0565,0.0599000000000001,0.2319,0.1739,0.1688,0.2194,0.0637000000000001,0.1144,NA,NA,NA,NA,NA,NA,NA,NA,NA,NA,NA,NA,NA,NA,NA,NA,NA,NA,NA,NA,NA,NA,NA,NA,NA,NA,NA,NA,NA,NA,NA,NA,NA,NA,NA,NA,NA,NA,NA,NA,NA,NA,NA,NA,NA,NA,NA,NA,NA,NA,NA,NA,NA,NA,NA,NA,NA,NA,NA,NA,NA,NA,NA,NA,NA,NA,NA,NA,NA,NA,NA,NA,NA,NA,NA,NA,NA,NA,NA,NA,NA,NA,NA,NA,NA,NA,NA,NA,NA,NA,NA,NA,NA,NA
25,0.604,0.604,0.8563,0.951,0.55,0.6022,0.6057,0.845,0.9664,1,-0.956,-1,0.2818,0.0768,0.8504,0.596,0.6053,0.9805,0.9457,0.944,0.9106,0.6086,0.8426,-1,NA,NA,NA,NA,NA,NA,NA,NA,NA,NA,NA,NA,NA,NA,NA,NA,NA,NA,NA,NA,NA,NA,NA,NA,NA,NA,NA,NA,NA,NA,NA,NA,NA,NA,NA,NA,NA,NA,NA,NA,NA,NA,NA,NA,NA,NA,NA,NA,NA,NA,NA,NA,NA,NA,NA,NA,NA,NA,NA,NA,NA,NA,NA,NA,NA,NA,NA,NA,NA,NA,NA,NA,NA,NA,NA,NA,NA,NA,NA,NA,NA,NA,NA,NA,NA,NA,NA,NA,NA,NA,NA,NA,NA
26,0.2784,0.286,0.4941,0.6463,0.6394,0.2864,0.278,0.4913,0.9772,0.7754,-0.5664,-1,-0.449,-0.5576,0.1754,0.2776,0.2805,0.756,0.6432,0.6459,0.7524,0.2781,0.4843,-1,-1,NA,NA,NA,NA,NA,NA,NA,NA,NA,NA,NA,NA,NA,NA,NA,NA,NA,NA,NA,NA,NA,NA,NA,NA,NA,NA,NA,NA,NA,NA,NA,NA,NA,NA,NA,NA,NA,NA,NA,NA,NA,NA,NA,NA,NA,NA,NA,NA,NA,NA,NA,NA,NA,NA,NA,NA,NA,NA,NA,NA,NA,NA,NA,NA,NA,NA,NA,NA,NA,NA,NA,NA,NA,NA,NA,NA,NA,NA,NA,NA,NA,NA,NA,NA,NA,NA,NA,NA,NA,NA,NA,NA
27,-1,-1,-1,-1,1,1,-1,-1,1,1,1,-1,-1,-1,1,-1,-1,-1,-1,1,1,-1,-1,-1,1,1,NA,NA,NA,NA,NA,NA,NA,NA,NA,NA,NA,NA,NA,NA,NA,NA,NA,NA,NA,NA,NA,NA,NA,NA,NA,NA,NA,NA,NA,NA,NA,NA,NA,NA,NA,NA,NA,NA,NA,NA,NA,NA,NA,NA,NA,NA,NA,NA,NA,NA,NA,NA,NA,NA,NA,NA,NA,NA,NA,NA,NA,NA,NA,NA,NA,NA,NA,NA,NA,NA,NA,NA,NA,NA,NA,NA,NA,NA,NA,NA,NA,NA,NA,NA,NA,NA,NA,NA,NA,NA,NA
28,-1,0.1149,0.2159,0.3179,0.3276,0.1186,0.1141,0.2266,0.9235,-1,0.7758,0.1181,-0.8324,-0.688,-1,-0.9394,-1,-0.4192,0.3123,0.3143,0.4043,0.1111,0.2161,0.1176,0.8557,0.4959,-1,NA,NA,NA,NA,NA,NA,NA,NA,NA,NA,NA,NA,NA,NA,NA,NA,NA,NA,NA,NA,NA,NA,NA,NA,NA,NA,NA,NA,NA,NA,NA,NA,NA,NA,NA,NA,NA,NA,NA,NA,NA,NA,NA,NA,NA,NA,NA,NA,NA,NA,NA,NA,NA,NA,NA,NA,NA,NA,NA,NA,NA,NA,NA,NA,NA,NA,NA,NA,NA,NA,NA,NA,NA,NA,NA,NA,NA,NA,NA,NA,NA,NA,NA,NA,NA,NA,NA,NA,NA,NA
29,0.2761,-0.5894,-0.3738,-0.3972,-0.6244,0.2815,0.2795,-0.299,0.8438,0.7028,-0.598,0.2783,0.6286,0.4866,-0.0224,0.2739,0.2781,-0.112,-0.342,-0.1968,-0.1624,0.279,-0.3146,0.2728,-0.472,-0.4558,-1,0.4944,NA,NA,NA,NA,NA,NA,NA,NA,NA,NA,NA,NA,NA,NA,NA,NA,NA,NA,NA,NA,NA,NA,NA,NA,NA,NA,NA,NA,NA,NA,NA,NA,NA,NA,NA,NA,NA,NA,NA,NA,NA,NA,NA,NA,NA,NA,NA,NA,NA,NA,NA,NA,NA,NA,NA,NA,NA,NA,NA,NA,NA,NA,NA,NA,NA,NA,NA,NA,NA,NA,NA,NA,NA,NA,NA,NA,NA,NA,NA,NA,NA,NA,NA,NA,NA,NA,NA,NA,NA
30,0.1176,0.1152,0.2166,0.3173,0.3175,0.1191,0.116,0.2121,0.9252,-1,-0.161,-0.922,-0.972,-1,-0.5064,-0.8244,0.1119,0.4094,0.318,0.3121,0.4057,0.1163,0.2218,-1,0.00960000000000005,-0.615,-1,-0.6568,0.4858,NA,NA,NA,NA,NA,NA,NA,NA,NA,NA,NA,NA,NA,NA,NA,NA,NA,NA,NA,NA,NA,NA,NA,NA,NA,NA,NA,NA,NA,NA,NA,NA,NA,NA,NA,NA,NA,NA,NA,NA,NA,NA,NA,NA,NA,NA,NA,NA,NA,NA,NA,NA,NA,NA,NA,NA,NA,NA,NA,NA,NA,NA,NA,NA,NA,NA,NA,NA,NA,NA,NA,NA,NA,NA,NA,NA,NA,NA,NA,NA,NA,NA,NA,NA,NA,NA,NA,NA
31,0.0512999999999999,0.0558000000000001,0.1139,0.1688,-0.8428,0.0568,0.0572999999999999,0.1219,0.7182,0.9228,-0.153,0.0569,0.1705,0.1137,0.1739,0.0578000000000001,0.0572999999999999,0.2266,0.1676,0.1679,-0.7014,0.0569999999999999,0.1168,0.0605,0.2084,0.2829,1,0.1214,-0.8778,0.1169,NA,NA,NA,NA,NA,NA,NA,NA,NA,NA,NA,NA,NA,NA,NA,NA,NA,NA,NA,NA,NA,NA,NA,NA,NA,NA,NA,NA,NA,NA,NA,NA,NA,NA,NA,NA,NA,NA,NA,NA,NA,NA,NA,NA,NA,NA,NA,NA,NA,NA,NA,NA,NA,NA,NA,NA,NA,NA,NA,NA,NA,NA,NA,NA,NA,NA,NA,NA,NA,NA,NA,NA,NA,NA,NA,NA,NA,NA,NA,NA,NA,NA,NA,NA,NA,NA,NA
32,0.0571999999999999,0.0612999999999999,0.1194,0.1711,0.1723,0.0588,0.0603,0.1163,0.7203,0.9226,-0.00519999999999998,-0.8904,-0.8198,-0.9428,0.1749,0.0559000000000001,0.0573999999999999,0.2257,0.1713,0.1737,0.2202,0.0589999999999999,0.1155,-0.8808,0.2058,-0.571,1,0.1189,0.2812,-0.8928,0.0628,NA,NA,NA,NA,NA,NA,NA,NA,NA,NA,NA,NA,NA,NA,NA,NA,NA,NA,NA,NA,NA,NA,NA,NA,NA,NA,NA,NA,NA,NA,NA,NA,NA,NA,NA,NA,NA,NA,NA,NA,NA,NA,NA,NA,NA,NA,NA,NA,NA,NA,NA,NA,NA,NA,NA,NA,NA,NA,NA,NA,NA,NA,NA,NA,NA,NA,NA,NA,NA,NA,NA,NA,NA,NA,NA,NA,NA,NA,NA,NA,NA,NA,NA,NA,NA,NA
33,0.0584,0.0585,0.1156,0.1719,0.1722,0.0633999999999999,0.0536000000000001,0.1166,0.7154,0.922,-0.0342,-0.8876,-0.8436,-0.9486,0.1681,0.0589,0.0551999999999999,0.2238,0.1766,0.176,0.2242,0.0609,0.1161,-0.879,0.2036,-0.5882,1,0.1185,0.2771,-0.9168,0.0589,-0.8876,NA,NA,NA,NA,NA,NA,NA,NA,NA,NA,NA,NA,NA,NA,NA,NA,NA,NA,NA,NA,NA,NA,NA,NA,NA,NA,NA,NA,NA,NA,NA,NA,NA,NA,NA,NA,NA,NA,NA,NA,NA,NA,NA,NA,NA,NA,NA,NA,NA,NA,NA,NA,NA,NA,NA,NA,NA,NA,NA,NA,NA,NA,NA,NA,NA,NA,NA,NA,NA,NA,NA,NA,NA,NA,NA,NA,NA,NA,NA,NA,NA,NA,NA,NA,NA
34,0.0616000000000001,0.0571999999999999,0.1146,0.1783,0.1697,0.0615000000000001,0.0611999999999999,0.1189,0.7164,0.9252,-0.018,-0.88,-0.8254,-0.9418,0.1729,0.0596000000000001,0.0605,0.2301,0.1732,0.174,0.2278,0.0623,0.1113,-0.887,0.2062,-0.5584,1,0.1126,0.2727,-0.891,0.0575000000000001,-0.883,-0.8866,NA,NA,NA,NA,NA,NA,NA,NA,NA,NA,NA,NA,NA,NA,NA,NA,NA,NA,NA,NA,NA,NA,NA,NA,NA,NA,NA,NA,NA,NA,NA,NA,NA,NA,NA,NA,NA,NA,NA,NA,NA,NA,NA,NA,NA,NA,NA,NA,NA,NA,NA,NA,NA,NA,NA,NA,NA,NA,NA,NA,NA,NA,NA,NA,NA,NA,NA,NA,NA,NA,NA,NA,NA,NA,NA,NA,NA,NA,NA,NA,NA,NA,NA,NA
35,0.1177,-1,-0.9182,-0.8234,-0.7722,-0.8314,0.1152,-0.8496,0.3702,0.9046,0.7714,0.1121,0.3156,0.2204,0.3176,0.115,0.1186,-0.7102,-0.9606,-0.909,-0.7122,0.121,-0.8618,0.1139,0.8497,0.4895,-1,0.2172,-0.3262,0.2183,0.1163,0.1116,0.1133,0.1134,NA,NA,NA,NA,NA,NA,NA,NA,NA,NA,NA,NA,NA,NA,NA,NA,NA,NA,NA,NA,NA,NA,NA,NA,NA,NA,NA,NA,NA,NA,NA,NA,NA,NA,NA,NA,NA,NA,NA,NA,NA,NA,NA,NA,NA,NA,NA,NA,NA,NA,NA,NA,NA,NA,NA,NA,NA,NA,NA,NA,NA,NA,NA,NA,NA,NA,NA,NA,NA,NA,NA,NA,NA,NA,NA,NA,NA,NA,NA,NA,NA,NA,NA
36,0.1154,-1,-0.9166,-0.81,-0.7568,0.1149,0.1193,-0.8406,0.663,-1,0.2158,0.115,0.3107,0.223,-0.5064,0.1201,0.1105,-0.694,-0.7626,-0.7468,-0.7022,0.1171,-0.8452,0.1102,0.3776,-0.3314,-1,0.2194,-0.6878,0.2256,0.1182,0.117,0.1107,0.1175,-0.8732,NA,NA,NA,NA,NA,NA,NA,NA,NA,NA,NA,NA,NA,NA,NA,NA,NA,NA,NA,NA,NA,NA,NA,NA,NA,NA,NA,NA,NA,NA,NA,NA,NA,NA,NA,NA,NA,NA,NA,NA,NA,NA,NA,NA,NA,NA,NA,NA,NA,NA,NA,NA,NA,NA,NA,NA,NA,NA,NA,NA,NA,NA,NA,NA,NA,NA,NA,NA,NA,NA,NA,NA,NA,NA,NA,NA,NA,NA,NA,NA,NA,NA
37,0.1196,-1,-0.8894,-0.8284,-1,0.1153,0.1092,-0.8668,0.5312,-1,0.3336,0.1168,0.3179,0.2188,0.3218,0.1141,0.1103,-0.7342,-0.785,-0.7772,-1,0.1176,-0.8692,0.1105,0.5122,0.4839,-1,0.2205,-0.6178,0.226,-0.8222,0.1142,0.1164,0.1116,-0.8796,-0.883,NA,NA,NA,NA,NA,NA,NA,NA,NA,NA,NA,NA,NA,NA,NA,NA,NA,NA,NA,NA,NA,NA,NA,NA,NA,NA,NA,NA,NA,NA,NA,NA,NA,NA,NA,NA,NA,NA,NA,NA,NA,NA,NA,NA,NA,NA,NA,NA,NA,NA,NA,NA,NA,NA,NA,NA,NA,NA,NA,NA,NA,NA,NA,NA,NA,NA,NA,NA,NA,NA,NA,NA,NA,NA,NA,NA,NA,NA,NA,NA,NA
38,-1,-1,-0.0866,0.0693999999999999,0.2336,0.5197,0.5273,0.0529999999999999,0.913,0.3718,0.7712,0.5212,0.6118,0.778,0.607,0.5136,-1,-0.0362,-0.1152,0.1298,-0.028,-1,-0.1834,0.5227,0.8074,0.8444,-1,0.3028,0.3344,0.779,0.5162,0.5167,0.5251,0.5183,0.2008,0.2662,0.0791999999999999,NA,NA,NA,NA,NA,NA,NA,NA,NA,NA,NA,NA,NA,NA,NA,NA,NA,NA,NA,NA,NA,NA,NA,NA,NA,NA,NA,NA,NA,NA,NA,NA,NA,NA,NA,NA,NA,NA,NA,NA,NA,NA,NA,NA,NA,NA,NA,NA,NA,NA,NA,NA,NA,NA,NA,NA,NA,NA,NA,NA,NA,NA,NA,NA,NA,NA,NA,NA,NA,NA,NA,NA,NA,NA,NA,NA,NA,NA,NA,NA
39,-1,-1,-1,-0.3998,0.3298,0.6422,0.6415,0.0291999999999999,0.9998,0.186,0.9986,0.638,0.8106,0.8792,0.8406,0.6461,-1,0.1274,0.1752,0.3224,0.1388,-1,-1,0.643,0.128,0.9158,-1,0.5988,0.6544,0.881,0.6396,0.6524,0.6405,0.6386,0.158,0.2086,0.0942000000000001,-0.2648,NA,NA,NA,NA,NA,NA,NA,NA,NA,NA,NA,NA,NA,NA,NA,NA,NA,NA,NA,NA,NA,NA,NA,NA,NA,NA,NA,NA,NA,NA,NA,NA,NA,NA,NA,NA,NA,NA,NA,NA,NA,NA,NA,NA,NA,NA,NA,NA,NA,NA,NA,NA,NA,NA,NA,NA,NA,NA,NA,NA,NA,NA,NA,NA,NA,NA,NA,NA,NA,NA,NA,NA,NA,NA,NA,NA,NA,NA,NA
40,0.0552999999999999,-0.8848,-0.936,-0.9662,-0.8836,0.0570999999999999,0.0579000000000001,-0.915,0.2976,0.9164,0.5197,0.0639000000000001,0.1714,0.1095,0.1716,0.0609,0.0571999999999999,-0.8876,-0.8652,-0.8578,-0.8898,0.0580000000000001,-0.9284,0.0589,0.6044,0.2808,0.9998,0.1133,-0.6982,0.1144,0.0595000000000001,0.0601,0.0598000000000001,0.0569999999999999,-0.91,-0.9142,-0.9094,-0.3206,-0.32,NA,NA,NA,NA,NA,NA,NA,NA,NA,NA,NA,NA,NA,NA,NA,NA,NA,NA,NA,NA,NA,NA,NA,NA,NA,NA,NA,NA,NA,NA,NA,NA,NA,NA,NA,NA,NA,NA,NA,NA,NA,NA,NA,NA,NA,NA,NA,NA,NA,NA,NA,NA,NA,NA,NA,NA,NA,NA,NA,NA,NA,NA,NA,NA,NA,NA,NA,NA,NA,NA,NA,NA,NA,NA,NA,NA,NA,NA
41,0.1155,-0.8536,-0.988,-1,-1,0.1145,0.1182,-1,0.4706,-1,0.7768,0.1157,0.3206,0.2212,0.3234,0.115,0.1169,-1,-0.912,-0.9392,-1,-1,-1,0.1166,0.8471,0.4862,-1,0.2206,-0.4266,0.2232,0.1121,0.117,0.1161,0.1181,-0.8884,-0.8942,-0.9164,-0.3042,-1,-0.9452,NA,NA,NA,NA,NA,NA,NA,NA,NA,NA,NA,NA,NA,NA,NA,NA,NA,NA,NA,NA,NA,NA,NA,NA,NA,NA,NA,NA,NA,NA,NA,NA,NA,NA,NA,NA,NA,NA,NA,NA,NA,NA,NA,NA,NA,NA,NA,NA,NA,NA,NA,NA,NA,NA,NA,NA,NA,NA,NA,NA,NA,NA,NA,NA,NA,NA,NA,NA,NA,NA,NA,NA,NA,NA,NA,NA,NA
42,0.0780000000000001,-1,-1,-1,-0.2538,0.5518,0.566,-1,0.9986,0.2236,0.9994,0.5599,0.7194,0.8151,0.8062,0.5574,0.0835999999999999,-0.1036,-0.00280000000000002,0.1162,-0.7226,-1,-1,0.5595,0.9936,0.9156,1,0.5474,0.4778,0.8188,0.5607,0.5616,0.5638,0.5626,-0.0594,-0.0132,-0.0931999999999999,-0.7108,0.1144,-1,-1,NA,NA,NA,NA,NA,NA,NA,NA,NA,NA,NA,NA,NA,NA,NA,NA,NA,NA,NA,NA,NA,NA,NA,NA,NA,NA,NA,NA,NA,NA,NA,NA,NA,NA,NA,NA,NA,NA,NA,NA,NA,NA,NA,NA,NA,NA,NA,NA,NA,NA,NA,NA,NA,NA,NA,NA,NA,NA,NA,NA,NA,NA,NA,NA,NA,NA,NA,NA,NA,NA,NA,NA,NA,NA,NA,NA
43,0.0608,-0.8922,-0.9418,-0.9042,-0.8264,0.0604,0.0575000000000001,-0.864,0.2828,0.9284,0.5184,0.0582,0.1681,0.1092,0.168,0.0565,0.0551999999999999,-0.8068,-0.8992,-0.8914,-0.8212,0.0589999999999999,-0.8884,0.0588,0.5999,0.275,1,0.1195,-0.7096,0.118,0.0605,0.0595000000000001,0.0623,0.0587,-0.9184,-0.9052,-0.962,-0.3576,0.000199999999999978,-0.8826,-0.9508,-0.4326,NA,NA,NA,NA,NA,NA,NA,NA,NA,NA,NA,NA,NA,NA,NA,NA,NA,NA,NA,NA,NA,NA,NA,NA,NA,NA,NA,NA,NA,NA,NA,NA,NA,NA,NA,NA,NA,NA,NA,NA,NA,NA,NA,NA,NA,NA,NA,NA,NA,NA,NA,NA,NA,NA,NA,NA,NA,NA,NA,NA,NA,NA,NA,NA,NA,NA,NA,NA,NA,NA,NA,NA,NA,NA,NA
44,-1,-0.4192,-0.3792,-0.343,-0.2484,0.3412,0.3341,-0.383,0.9548,-1,0.9538,0.3277,0.0933999999999999,0.5577,0.0072000000000001,0.331,-1,-0.8356,-0.238,-0.1808,-0.322,-1,-0.5744,0.3279,0.9834,0.636,-1,-0.2894,0.1012,0.5545,0.3304,0.3306,0.3293,0.3233,-0.0574,-0.0258,-0.1124,-0.516,0.405,-0.3952,-0.354,-0.044,-0.3914,NA,NA,NA,NA,NA,NA,NA,NA,NA,NA,NA,NA,NA,NA,NA,NA,NA,NA,NA,NA,NA,NA,NA,NA,NA,NA,NA,NA,NA,NA,NA,NA,NA,NA,NA,NA,NA,NA,NA,NA,NA,NA,NA,NA,NA,NA,NA,NA,NA,NA,NA,NA,NA,NA,NA,NA,NA,NA,NA,NA,NA,NA,NA,NA,NA,NA,NA,NA,NA,NA,NA,NA,NA,NA
45,-1,0.3826,-0.0426,-0.0778,0.1254,0.3814,0.3775,-0.0664,0.963,0.5896,0.9214,0.3749,0.2438,0.62,0.1174,0.3802,-1,-0.7302,0.2236,0.2256,0.1668,-1,-0.2064,0.3887,0.859,0.4554,-1,-0.1986,0.102,0.6245,0.3718,0.3814,0.3829,0.3799,0.6176,0.6286,0.6267,-0.5496,0.3544,0.3836,0.0702,-0.107,0.3776,-0.9892,NA,NA,NA,NA,NA,NA,NA,NA,NA,NA,NA,NA,NA,NA,NA,NA,NA,NA,NA,NA,NA,NA,NA,NA,NA,NA,NA,NA,NA,NA,NA,NA,NA,NA,NA,NA,NA,NA,NA,NA,NA,NA,NA,NA,NA,NA,NA,NA,NA,NA,NA,NA,NA,NA,NA,NA,NA,NA,NA,NA,NA,NA,NA,NA,NA,NA,NA,NA,NA,NA,NA,NA,NA
46,-0.3912,-1,-0.4282,-0.3394,-0.143,0.4397,0.4285,-0.4432,0.9258,0.945,0.9672,0.4326,0.2844,0.681,0.3628,0.43,-1,-0.382,-0.3632,-0.1998,-0.0417999999999999,-1,-0.4304,0.4277,0.8804,0.6102,-1,0.0164,0.0396000000000001,0.6805,0.4302,0.4357,0.4173,0.4277,-0.1708,-0.1536,-0.2228,-0.4882,-0.1382,-0.49,-0.5148,-0.4938,-0.5134,-0.592,-0.7534,NA,NA,NA,NA,NA,NA,NA,NA,NA,NA,NA,NA,NA,NA,NA,NA,NA,NA,NA,NA,NA,NA,NA,NA,NA,NA,NA,NA,NA,NA,NA,NA,NA,NA,NA,NA,NA,NA,NA,NA,NA,NA,NA,NA,NA,NA,NA,NA,NA,NA,NA,NA,NA,NA,NA,NA,NA,NA,NA,NA,NA,NA,NA,NA,NA,NA,NA,NA,NA,NA,NA,NA
47,0.3295,0.3289,0.5647,0.7091,0.2838,0.3312,0.3282,0.5623,0.9972,0.9936,-0.9928,-1,-0.3274,-0.4656,0.3526,0.3239,0.3326,0.8176,0.7163,0.7121,0.4914,0.3296,0.5539,-1,-1,-0.7206,1,0.5582,-0.37,-0.5044,-0.3484,-1,-1,-1,0.5554,-0.1866,-0.0674,0.9364,0.9904,0.3306,0.5527,0.9714,0.3329,0.746,0.5708,0.5972,NA,NA,NA,NA,NA,NA,NA,NA,NA,NA,NA,NA,NA,NA,NA,NA,NA,NA,NA,NA,NA,NA,NA,NA,NA,NA,NA,NA,NA,NA,NA,NA,NA,NA,NA,NA,NA,NA,NA,NA,NA,NA,NA,NA,NA,NA,NA,NA,NA,NA,NA,NA,NA,NA,NA,NA,NA,NA,NA,NA,NA,NA,NA,NA,NA,NA,NA,NA,NA,NA,NA
48,0.472,0.4731,0.7334,0.8661,0.3904,0.4861,0.475,0.7296,0.9914,0.9928,-0.921,-1,0.0204,-0.2044,0.6738,0.4758,0.4747,0.9343,0.8667,0.8673,0.7806,0.4823,0.7381,-1,-0.987,-0.5652,1,0.7326,-0.3646,-0.2382,-0.1258,-1,-1,-1,0.7304,0.124,0.2614,0.6944,0.9524,0.4785,0.7253,0.9656,0.4699,0.9296,0.6654,0.6694,-0.9574,NA,NA,NA,NA,NA,NA,NA,NA,NA,NA,NA,NA,NA,NA,NA,NA,NA,NA,NA,NA,NA,NA,NA,NA,NA,NA,NA,NA,NA,NA,NA,NA,NA,NA,NA,NA,NA,NA,NA,NA,NA,NA,NA,NA,NA,NA,NA,NA,NA,NA,NA,NA,NA,NA,NA,NA,NA,NA,NA,NA,NA,NA,NA,NA,NA,NA,NA,NA,NA,NA
49,-1,0.1632,0.3123,0.4476,0.4428,0.1673,0.1748,0.3138,0.9835,0.8762,0.6296,-1,-1,-1,-0.507,-0.7096,-1,-0.6414,0.4422,0.4415,0.5554,0.1706,0.3298,-1,0.7734,-0.136,1,-0.713,0.6433,-1,0.1681,-1,-1,-1,0.3211,0.3186,0.3205,0.286,0.8214,0.1726,0.313,0.8174,0.1737,-0.7062,-0.72,0.3776,0.2334,0.5238,NA,NA,NA,NA,NA,NA,NA,NA,NA,NA,NA,NA,NA,NA,NA,NA,NA,NA,NA,NA,NA,NA,NA,NA,NA,NA,NA,NA,NA,NA,NA,NA,NA,NA,NA,NA,NA,NA,NA,NA,NA,NA,NA,NA,NA,NA,NA,NA,NA,NA,NA,NA,NA,NA,NA,NA,NA,NA,NA,NA,NA,NA,NA,NA,NA,NA,NA,NA,NA
50,-0.8858,0.0579000000000001,0.1212,0.1708,0.1654,0.0581,0.0593999999999999,0.1221,0.712,0.9262,0.5212,0.0573999999999999,-0.7906,0.1164,-0.725,0.0564,-0.8824,-0.7394,0.1691,0.1747,0.2273,0.0631999999999999,0.1176,0.0583,0.6056,0.2753,1,-0.8292,0.276,0.1162,0.0592999999999999,0.0583,0.0591999999999999,0.0543,0.1162,0.1186,0.1187,-0.3286,0.1678,0.0564,0.1181,-0.01,0.0585,-0.7252,-0.679,-0.636,0.3302,0.4713,-0.696,NA,NA,NA,NA,NA,NA,NA,NA,NA,NA,NA,NA,NA,NA,NA,NA,NA,NA,NA,NA,NA,NA,NA,NA,NA,NA,NA,NA,NA,NA,NA,NA,NA,NA,NA,NA,NA,NA,NA,NA,NA,NA,NA,NA,NA,NA,NA,NA,NA,NA,NA,NA,NA,NA,NA,NA,NA,NA,NA,NA,NA,NA,NA,NA,NA,NA,NA,NA
51,-0.8876,0.1236,0.225,0.3201,0.3145,0.1198,0.1152,0.2246,0.9262,-1,0.7742,0.1125,-1,-0.7508,-1,-0.8742,-0.8728,-0.552,0.3213,0.3161,0.4072,0.1115,0.228,0.1219,0.8501,0.4935,-1,-1,0.4847,-0.7894,0.1119,0.1188,0.1169,0.1163,0.2206,0.2175,0.225,0.0287999999999999,0.2836,0.1147,0.2214,0.1634,0.1201,-0.3802,-0.2846,-0.2244,0.5606,0.7342,-1,-0.8922,NA,NA,NA,NA,NA,NA,NA,NA,NA,NA,NA,NA,NA,NA,NA,NA,NA,NA,NA,NA,NA,NA,NA,NA,NA,NA,NA,NA,NA,NA,NA,NA,NA,NA,NA,NA,NA,NA,NA,NA,NA,NA,NA,NA,NA,NA,NA,NA,NA,NA,NA,NA,NA,NA,NA,NA,NA,NA,NA,NA,NA,NA,NA,NA,NA,NA,NA
52,0.0556000000000001,0.0544,0.1123,0.1742,0.1758,0.0601,0.0604,0.1152,0.7118,0.926,0.5144,0.0558000000000001,-0.9042,-0.8122,-0.7974,-0.8834,0.0596000000000001,0.2235,0.1718,0.1708,0.233,0.0548,0.1121,0.0557000000000001,0.6013,0.2803,1,-0.8778,0.2657,-0.8242,0.0569999999999999,0.0583,0.0542,0.0589,0.1168,0.1175,0.1164,0.5166,0.6347,0.0568,0.1115,0.568,0.0547,0.3227,0.3784,0.4233,0.3314,0.4691,-0.7278,0.0555000000000001,-0.8476,NA,NA,NA,NA,NA,NA,NA,NA,NA,NA,NA,NA,NA,NA,NA,NA,NA,NA,NA,NA,NA,NA,NA,NA,NA,NA,NA,NA,NA,NA,NA,NA,NA,NA,NA,NA,NA,NA,NA,NA,NA,NA,NA,NA,NA,NA,NA,NA,NA,NA,NA,NA,NA,NA,NA,NA,NA,NA,NA,NA,NA,NA,NA,NA,NA,NA
53,0.169,0.1686,0.3193,0.4503,-0.5956,0.1679,0.1702,0.316,0.859,-1,-1,0.1695,0.4475,0.3185,-0.3788,0.1753,0.1735,0.542,0.44,0.4494,-0.1948,0.1695,0.3191,0.1701,-1,-0.62,-1,0.3195,-0.9884,0.3159,-0.832,0.1638,0.1673,0.1727,0.3191,-0.7102,-0.552,0.5732,0.7774,0.1714,0.3125,0.672,0.1724,0.1238,0.2554,0.315,-0.8044,-1,0.4475,0.1652,0.3275,0.1718,NA,NA,NA,NA,NA,NA,NA,NA,NA,NA,NA,NA,NA,NA,NA,NA,NA,NA,NA,NA,NA,NA,NA,NA,NA,NA,NA,NA,NA,NA,NA,NA,NA,NA,NA,NA,NA,NA,NA,NA,NA,NA,NA,NA,NA,NA,NA,NA,NA,NA,NA,NA,NA,NA,NA,NA,NA,NA,NA,NA,NA,NA,NA,NA,NA
54,0.0607,0.0591999999999999,0.1139,0.1694,0.1643,0.0583,0.0568,0.111,0.719,0.8934,-0.424,-0.8774,-0.9188,-0.8434,0.1717,0.0568,0.0601,0.2278,0.1722,0.1736,0.213,0.0550999999999999,0.121,-0.89,0.1586,-0.828,0.9836,0.1205,0.2737,-0.887,0.0569,-0.8844,-0.878,-0.882,0.1173,0.1166,0.1205,0.5102,0.637,0.0625,0.1149,0.5647,0.0589999999999999,0.3259,0.3832,0.4178,-0.62,-0.5826,-0.7814,0.0587,0.1177,0.0589,0.17,NA,NA,NA,NA,NA,NA,NA,NA,NA,NA,NA,NA,NA,NA,NA,NA,NA,NA,NA,NA,NA,NA,NA,NA,NA,NA,NA,NA,NA,NA,NA,NA,NA,NA,NA,NA,NA,NA,NA,NA,NA,NA,NA,NA,NA,NA,NA,NA,NA,NA,NA,NA,NA,NA,NA,NA,NA,NA,NA,NA,NA,NA,NA,NA
55,0.1106,0.1154,0.2263,0.3164,0.3193,0.1153,0.1152,0.2164,0.9243,-1,-0.0182,-0.8962,-0.964,-1,-0.5836,-0.8498,0.111,0.398,0.3206,0.3139,0.4071,0.122,0.2233,-1,0.1708,-0.501,-1,-0.7228,0.4868,-0.9854,0.1173,-1,-1,-1,0.2221,0.2231,0.2138,0.7809,0.8737,0.111,0.2161,0.8084,0.1167,0.5529,0.6182,0.6882,-0.3868,-0.091,-1,0.1187,-0.7862,-0.853,0.325,-0.89,NA,NA,NA,NA,NA,NA,NA,NA,NA,NA,NA,NA,NA,NA,NA,NA,NA,NA,NA,NA,NA,NA,NA,NA,NA,NA,NA,NA,NA,NA,NA,NA,NA,NA,NA,NA,NA,NA,NA,NA,NA,NA,NA,NA,NA,NA,NA,NA,NA,NA,NA,NA,NA,NA,NA,NA,NA,NA,NA,NA,NA,NA,NA
56,0.1159,0.118,0.2147,0.3162,0.3175,0.1112,0.112,0.2219,0.9258,-1,0.1236,-0.8668,-0.9618,-0.9616,-0.6502,-0.8812,0.1146,0.4065,0.3153,0.3225,0.412,0.1177,0.217,-1,0.2826,-0.3762,-1,-0.7608,0.4826,-0.99,0.1151,-0.8664,-0.8666,-0.8696,0.2226,0.2174,0.2215,0.7754,0.877,0.1164,0.2223,0.8081,0.1188,0.5561,0.6243,0.682,-0.2516,0.0406,-1,0.111,-0.8118,-0.8668,0.3217,-0.863,-1,NA,NA,NA,NA,NA,NA,NA,NA,NA,NA,NA,NA,NA,NA,NA,NA,NA,NA,NA,NA,NA,NA,NA,NA,NA,NA,NA,NA,NA,NA,NA,NA,NA,NA,NA,NA,NA,NA,NA,NA,NA,NA,NA,NA,NA,NA,NA,NA,NA,NA,NA,NA,NA,NA,NA,NA,NA,NA,NA,NA,NA,NA
57,0.0602,0.0593999999999999,0.1143,0.1689,0.1653,0.0569,0.0573999999999999,0.1152,0.7228,0.926,-0.1794,-0.8856,-0.92,-0.892,0.1721,0.0559000000000001,0.0577000000000001,0.2213,0.1667,0.1708,0.2207,0.0596000000000001,0.1095,-0.8754,0.2018,-0.7434,1,0.1091,0.2837,-0.9348,0.0586,-0.8776,-0.8888,-0.8804,0.1168,0.1164,0.1103,0.5169,0.6418,0.0585,0.1158,0.5605,0.0589,0.3246,0.3829,0.4272,-0.4682,-0.3502,-0.7628,0.0622,0.1147,0.0555000000000001,0.1617,-0.8914,-0.8882,-0.8416,NA,NA,NA,NA,NA,NA,NA,NA,NA,NA,NA,NA,NA,NA,NA,NA,NA,NA,NA,NA,NA,NA,NA,NA,NA,NA,NA,NA,NA,NA,NA,NA,NA,NA,NA,NA,NA,NA,NA,NA,NA,NA,NA,NA,NA,NA,NA,NA,NA,NA,NA,NA,NA,NA,NA,NA,NA,NA,NA,NA,NA
58,0.1191,0.1193,0.2195,0.3114,0.3223,0.1151,0.1163,0.2178,0.9271,-1,-1,-1,-0.8016,-0.8392,-0.4304,0.1211,0.1177,0.3965,0.3173,0.324,0.3988,0.1129,0.2188,-1,-1,-0.9272,1,0.2261,-0.6888,-0.861,0.113,-1,-1,-1,0.2267,-0.712,0.2279,0.7767,0.8803,0.1096,0.2162,0.8086,0.1145,0.56,0.6225,0.6832,-1,-0.676,-0.579,0.1175,0.2228,0.1127,-0.8116,-1,-0.8002,-0.7408,-1,NA,NA,NA,NA,NA,NA,NA,NA,NA,NA,NA,NA,NA,NA,NA,NA,NA,NA,NA,NA,NA,NA,NA,NA,NA,NA,NA,NA,NA,NA,NA,NA,NA,NA,NA,NA,NA,NA,NA,NA,NA,NA,NA,NA,NA,NA,NA,NA,NA,NA,NA,NA,NA,NA,NA,NA,NA,NA,NA,NA
59,0.0559000000000001,0.0597000000000001,0.1154,0.177,0.1739,-0.8848,0.0586,0.1166,0.1714,0.9609,0.5157,0.0615000000000001,0.1715,0.1177,0.1712,0.0613999999999999,0.0610999999999999,0.2308,-0.8902,-0.9026,0.2266,0.0634999999999999,0.1188,0.0589,0.6097,0.2786,1,0.1139,0.2797,0.1155,0.0589999999999999,0.0598000000000001,0.0570999999999999,0.0584,-0.8692,0.121,0.1186,0.5202,0.6365,0.0583,0.114,0.561,0.0553999999999999,0.3268,0.3889,0.4304,0.33,0.475,0.1777,0.0567,0.1173,0.0605,0.1747,0.0566,0.1148,0.1053,0.0617000000000001,0.1177,NA,NA,NA,NA,NA,NA,NA,NA,NA,NA,NA,NA,NA,NA,NA,NA,NA,NA,NA,NA,NA,NA,NA,NA,NA,NA,NA,NA,NA,NA,NA,NA,NA,NA,NA,NA,NA,NA,NA,NA,NA,NA,NA,NA,NA,NA,NA,NA,NA,NA,NA,NA,NA,NA,NA,NA,NA,NA,NA
60,-0.9142,0.1176,0.2165,0.3191,0.3132,0.1185,-0.8266,0.2214,0.9273,-1,0.7794,0.115,-0.7104,0.2264,-0.7342,0.1152,-1,-0.6512,0.3136,0.3138,0.4045,0.1155,0.2215,0.1183,0.8511,0.4751,-1,-0.825,0.4821,0.2177,0.1135,0.1159,0.1156,0.1208,0.2263,0.2209,0.2153,-0.089,0.1788,0.1171,0.2144,0.1506,0.1171,-0.487,-0.4014,-0.2764,0.5569,0.7208,-0.7306,-0.9098,-0.8586,0.1138,0.3175,0.114,0.2286,0.2124,0.1172,0.2214,0.1177,NA,NA,NA,NA,NA,NA,NA,NA,NA,NA,NA,NA,NA,NA,NA,NA,NA,NA,NA,NA,NA,NA,NA,NA,NA,NA,NA,NA,NA,NA,NA,NA,NA,NA,NA,NA,NA,NA,NA,NA,NA,NA,NA,NA,NA,NA,NA,NA,NA,NA,NA,NA,NA,NA,NA,NA,NA,NA
61,-1,-0.4686,-0.1446,-0.2628,-0.0185999999999999,0.2721,0.2779,-0.1092,0.9946,-1,0.9374,0.2695,-0.502,-0.2754,-0.4478,-0.6678,-1,-0.7574,-0.0125999999999999,0.089,0.164,0.2773,-0.1014,0.2833,0.9772,0.824,-1,-0.6496,-0.011,-0.2722,-0.4808,0.2789,0.279,0.276,-0.1374,-0.1028,-0.428,0.349,0.6468,-0.4698,-0.2144,0.6754,-0.4692,-0.7816,-0.7436,0.034,0.7164,0.9082,-0.9774,-1,-1,-0.6932,0.0944,0.284,-0.3814,-0.447,0.2767,0.4839,0.2719,-0.5664,NA,NA,NA,NA,NA,NA,NA,NA,NA,NA,NA,NA,NA,NA,NA,NA,NA,NA,NA,NA,NA,NA,NA,NA,NA,NA,NA,NA,NA,NA,NA,NA,NA,NA,NA,NA,NA,NA,NA,NA,NA,NA,NA,NA,NA,NA,NA,NA,NA,NA,NA,NA,NA,NA,NA,NA,NA
62,-1,-1,-0.779,-0.8704,-0.608,0.2336,0.2239,-0.7442,0.9596,-1,0.9577,0.2199,-0.504,-0.3998,-0.4414,-0.66,-1,-0.955,-0.533,-0.4724,-0.5254,0.2266,-0.73,0.2258,0.9804,0.7542,-1,-0.626,-0.0234,-0.38,0.2308,0.2239,0.2287,0.2293,-0.7154,-0.6796,-0.732,0.1394,0.3606,-1,-0.7552,0.2718,-1,-0.7928,-0.7396,0.032,0.8176,0.9379,-0.8556,-1,-1,-0.6508,0.543,0.2225,-0.4632,-0.553,0.2228,0.4089,0.217,-0.6446,-0.9252,NA,NA,NA,NA,NA,NA,NA,NA,NA,NA,NA,NA,NA,NA,NA,NA,NA,NA,NA,NA,NA,NA,NA,NA,NA,NA,NA,NA,NA,NA,NA,NA,NA,NA,NA,NA,NA,NA,NA,NA,NA,NA,NA,NA,NA,NA,NA,NA,NA,NA,NA,NA,NA,NA,NA,NA
63,0.0558000000000001,0.0569,0.1189,0.1677,0.1725,-0.8914,0.0602,0.1208,-0.6178,0.9618,0.5173,0.0567,0.1744,0.1182,0.1716,0.0556000000000001,0.0571999999999999,0.2336,-0.7384,-0.8186,0.2255,0.0598000000000001,0.1132,0.0621,0.599,0.2757,1,0.1149,0.2754,0.1141,0.0605,0.0555000000000001,0.0549999999999999,0.0599000000000001,-0.8056,0.1173,0.1119,0.5238,0.6366,0.0548,0.1196,0.5727,0.0599000000000001,0.3326,0.3706,0.4318,0.3261,0.4746,0.175,0.0563,0.1178,0.0599000000000001,0.1664,0.0596000000000001,0.1178,0.1159,0.0575000000000001,0.1218,-0.879,0.12,0.2822,0.2274,NA,NA,NA,NA,NA,NA,NA,NA,NA,NA,NA,NA,NA,NA,NA,NA,NA,NA,NA,NA,NA,NA,NA,NA,NA,NA,NA,NA,NA,NA,NA,NA,NA,NA,NA,NA,NA,NA,NA,NA,NA,NA,NA,NA,NA,NA,NA,NA,NA,NA,NA,NA,NA,NA,NA
64,-0.8256,-0.8364,-0.8766,-0.7932,-0.7642,0.1147,0.1158,-0.8412,0.5092,-1,0.7799,0.1176,-0.5804,0.2191,-0.5222,0.118,-0.8254,-1,-0.8006,-0.7992,-0.6628,0.1073,-0.845,0.1098,0.841,0.4892,-1,-0.669,-0.427,0.2172,0.1169,0.1196,0.1181,0.1164,-0.8596,-0.851,-0.8924,-0.3362,-1,-0.9208,-0.9122,-1,-0.9164,-0.4286,-0.1104,-0.563,0.5559,0.7319,-0.5204,-0.8352,-0.782,0.1098,0.315,0.1164,0.2249,0.2183,0.1146,0.2271,0.112,-0.7996,-0.4882,-1,0.1185,NA,NA,NA,NA,NA,NA,NA,NA,NA,NA,NA,NA,NA,NA,NA,NA,NA,NA,NA,NA,NA,NA,NA,NA,NA,NA,NA,NA,NA,NA,NA,NA,NA,NA,NA,NA,NA,NA,NA,NA,NA,NA,NA,NA,NA,NA,NA,NA,NA,NA,NA,NA,NA,NA
65,0.1119,-1,-1,-0.9718,-0.8932,0.1187,0.1222,-1,0.7934,-1,0.77,0.1183,0.3225,0.2256,0.3213,0.1176,0.1113,-0.8034,-0.8598,-0.809,-0.8998,-1,-0.9308,0.1212,0.8448,0.4955,1,0.2197,-0.2798,0.2221,0.117,0.1142,0.1213,0.1166,-0.839,-0.8104,-0.8536,0.1106,0.3142,-1,-1,-0.3718,-1,-0.3766,-0.1138,-0.4098,0.5591,0.7254,0.3185,0.1119,0.2273,0.1102,0.3279,0.1211,0.2214,0.2183,0.1116,0.2216,0.1103,0.2253,-0.0626,-0.6828,0.1135,-0.841,NA,NA,NA,NA,NA,NA,NA,NA,NA,NA,NA,NA,NA,NA,NA,NA,NA,NA,NA,NA,NA,NA,NA,NA,NA,NA,NA,NA,NA,NA,NA,NA,NA,NA,NA,NA,NA,NA,NA,NA,NA,NA,NA,NA,NA,NA,NA,NA,NA,NA,NA,NA,NA
66,0.4317,0.4248,0.6792,0.8296,0.8201,0.4328,0.43,0.6805,-0.3562,-1,-0.1376,0.4237,0.8266,0.6794,0.4576,0.4247,0.4281,0.9096,0.8236,0.8253,0.9109,0.4243,0.6821,0.4259,-0.0568,-0.0484,-1,0.6833,-0.1712,0.6777,0.4338,0.4353,0.4288,0.4188,0.6741,-0.1304,0.6754,0.4324,0.8028,0.4244,0.6806,0.902,0.4307,0.8746,0.7784,0.8806,0.1596,-0.074,0.8302,0.4365,0.6792,0.4195,-0.4132,0.4331,0.6805,0.6813,0.4297,-0.364,0.4216,0.6796,0.9514,0.9108,0.4227,0.6811,0.6826,NA,NA,NA,NA,NA,NA,NA,NA,NA,NA,NA,NA,NA,NA,NA,NA,NA,NA,NA,NA,NA,NA,NA,NA,NA,NA,NA,NA,NA,NA,NA,NA,NA,NA,NA,NA,NA,NA,NA,NA,NA,NA,NA,NA,NA,NA,NA,NA,NA,NA,NA,NA
67,0.6799,0.6782,0.6486,0.8704,0.5278,-1,-1,0.7078,-0.198,1,0.9724,0.6729,0.5792,0.558,0.7552,0.3502,0.6743,0.9448,0.3652,0.284,0.5178,-1,0.5074,0.6742,1,0.882,1,0.3718,0.395,0.609,-1,0.6803,0.6844,0.6868,0.5532,0.9025,0.6064,0.7268,0.999,0.6731,0.655,0.761,0.6802,0.8518,0.8968,0.5484,0.9984,0.989,0.883,0.6732,0.4148,-1,0.4666,0.6807,0.4918,0.3784,0.6824,0.9052,-1,0.492,0.905,0.9388,-1,0.905,0.7614,0.3358,NA,NA,NA,NA,NA,NA,NA,NA,NA,NA,NA,NA,NA,NA,NA,NA,NA,NA,NA,NA,NA,NA,NA,NA,NA,NA,NA,NA,NA,NA,NA,NA,NA,NA,NA,NA,NA,NA,NA,NA,NA,NA,NA,NA,NA,NA,NA,NA,NA,NA,NA
68,0.0627,0.0584,0.1177,0.1744,0.1706,0.0613999999999999,0.0563,0.112,0.7127,0.9192,0.5143,0.0572999999999999,-0.8986,-0.7984,-0.8314,-0.887,0.0582,0.2208,0.1668,0.1678,0.2266,0.0620000000000001,0.1194,0.0577000000000001,0.6164,0.2708,1,-0.9052,0.2757,-0.8154,0.0548,0.0557000000000001,0.056,0.0563,0.1184,0.1174,0.1188,0.5136,0.6445,0.0618000000000001,0.1086,0.558,0.0565,0.3258,0.3828,0.4312,0.3267,0.4737,-0.7488,0.0564,-0.8326,-0.881,0.176,0.0541,-0.826,-0.8406,0.0589,0.1189,0.0562,0.1201,-0.7922,-0.7274,0.0584,0.1205,0.1182,0.4241,0.3144,NA,NA,NA,NA,NA,NA,NA,NA,NA,NA,NA,NA,NA,NA,NA,NA,NA,NA,NA,NA,NA,NA,NA,NA,NA,NA,NA,NA,NA,NA,NA,NA,NA,NA,NA,NA,NA,NA,NA,NA,NA,NA,NA,NA,NA,NA,NA,NA,NA,NA
69,0.0570999999999999,0.054,0.1174,0.1788,0.1724,0.0600000000000001,0.0587,0.1203,0.7218,0.9252,-0.0610000000000001,0.0585,0.1726,0.1188,-0.718,0.0548999999999999,0.0580000000000001,0.2223,0.1798,0.1737,0.2238,0.0577000000000001,0.119,0.0562,0.2168,-0.6626,1,0.1148,-0.836,0.1136,0.0575000000000001,0.0562,0.0545,0.0606,0.1187,-0.8818,0.1137,0.5191,0.6407,0.0563,0.1175,0.5596,0.0629999999999999,0.3267,0.3759,0.4277,-0.4248,-0.2256,0.1715,0.0548,0.1176,0.0589,-0.9004,0.0569999999999999,0.121,0.12,0.0570999999999999,-0.8352,0.0590999999999999,0.1117,0.2799,0.223,0.0558000000000001,0.1237,0.1181,-0.6874,0.6808,0.0603,NA,NA,NA,NA,NA,NA,NA,NA,NA,NA,NA,NA,NA,NA,NA,NA,NA,NA,NA,NA,NA,NA,NA,NA,NA,NA,NA,NA,NA,NA,NA,NA,NA,NA,NA,NA,NA,NA,NA,NA,NA,NA,NA,NA,NA,NA,NA,NA,NA
70,0.1697,0.1697,0.3192,0.4417,-0.6348,0.1754,0.1705,0.3179,0.9825,0.8858,-0.398,-0.7342,-0.4312,-0.7544,-0.2414,0.1733,0.1744,0.5551,0.448,0.4407,-0.1202,0.1731,0.321,-1,-1,-0.4124,1,0.3164,-0.9058,-0.6478,-1,-1,-1,-1,0.3182,-0.6384,-0.5274,0.8982,0.9629,0.169,0.3215,0.9283,0.1686,0.7178,0.7764,0.829,-0.3274,-0.2138,-0.3004,0.1722,0.3174,0.1746,-0.923,-0.7358,-0.6932,-0.6236,-0.7228,-0.759,0.1773,0.3055,0.1768,0.5424,0.1754,0.3251,0.3232,-0.0206,0.354,0.1775,-1,NA,NA,NA,NA,NA,NA,NA,NA,NA,NA,NA,NA,NA,NA,NA,NA,NA,NA,NA,NA,NA,NA,NA,NA,NA,NA,NA,NA,NA,NA,NA,NA,NA,NA,NA,NA,NA,NA,NA,NA,NA,NA,NA,NA,NA,NA,NA,NA
71,0.0558000000000001,0.0609,0.1133,0.1696,0.1809,0.0583,0.0565,0.1205,0.709,0.924,0.0212000000000001,-0.8852,-0.7374,-0.8646,0.1687,0.0576000000000001,0.0636000000000001,0.2271,0.1707,0.1662,0.2239,0.0593999999999999,0.1154,-0.8882,0.2,-0.4872,1,0.117,0.2792,-0.844,0.0562,-0.8804,-0.8828,-0.8946,0.1124,0.1142,0.1108,0.5156,0.632,0.0561,0.1129,0.5548,0.0559000000000001,0.3272,0.3775,0.4312,-0.3398,-0.0718,-0.6602,0.0557000000000001,0.1073,0.0559000000000001,0.1752,-0.885,-0.8408,-0.8738,-0.8782,-0.7856,0.0569999999999999,0.1144,0.2841,0.2246,0.0557000000000001,0.113,0.1137,0.431,0.6843,0.0590999999999999,0.0570999999999999,-0.7054,NA,NA,NA,NA,NA,NA,NA,NA,NA,NA,NA,NA,NA,NA,NA,NA,NA,NA,NA,NA,NA,NA,NA,NA,NA,NA,NA,NA,NA,NA,NA,NA,NA,NA,NA,NA,NA,NA,NA,NA,NA,NA,NA,NA,NA,NA,NA
72,0.0598000000000001,0.0586,0.1148,0.1715,0.1772,0.0598000000000001,0.0577000000000001,0.12,0.7184,0.934,0.000399999999999956,-0.878,-0.7864,-0.9006,0.1639,0.0571999999999999,0.0547,0.2286,0.1645,0.1712,0.2242,0.056,0.1183,-0.887,0.2036,-0.5314,1,0.1181,0.2804,-0.8696,0.0548999999999999,-0.882,-0.8854,-0.8814,0.1168,0.1125,0.1208,0.522,0.6439,0.0562,0.1079,0.564,0.0592999999999999,0.3261,0.3765,0.4296,-0.3492,-0.1046,-0.6648,0.0604,0.117,0.0566,0.1719,-0.888,-0.8842,-0.8974,-0.881,-0.7954,0.0577000000000001,0.1182,0.2771,0.2241,0.0578000000000001,0.1112,0.1068,0.4245,0.6877,0.0606,0.0583,-0.7506,-0.8882,NA,NA,NA,NA,NA,NA,NA,NA,NA,NA,NA,NA,NA,NA,NA,NA,NA,NA,NA,NA,NA,NA,NA,NA,NA,NA,NA,NA,NA,NA,NA,NA,NA,NA,NA,NA,NA,NA,NA,NA,NA,NA,NA,NA,NA,NA
73,0.0573999999999999,0.0575000000000001,0.1192,0.1697,0.1738,0.0602,0.056,0.1107,0.7118,0.926,0.5212,0.0591999999999999,-0.7906,-0.85,-0.6874,-0.8908,0.0576000000000001,0.2217,0.1759,0.1693,0.2275,0.0604,0.1172,0.0589,0.606,0.2833,1,-0.8058,0.2809,-0.8604,0.0565,0.0578000000000001,0.0576000000000001,0.0547,0.1173,0.116,0.1101,0.5208,0.6441,0.0641,0.1198,0.5646,0.0567,0.3346,0.3928,0.4231,0.3281,0.4747,-0.6814,0.0581,-0.9008,-0.8836,0.1721,0.0558000000000001,-0.876,-0.9198,0.0616000000000001,0.1238,0.0609999999999999,0.1211,-0.6342,-0.6846,0.0559000000000001,0.1063,0.1184,0.4257,0.3638,-0.874,0.0536000000000001,0.1696,0.0610999999999999,0.0570999999999999,NA,NA,NA,NA,NA,NA,NA,NA,NA,NA,NA,NA,NA,NA,NA,NA,NA,NA,NA,NA,NA,NA,NA,NA,NA,NA,NA,NA,NA,NA,NA,NA,NA,NA,NA,NA,NA,NA,NA,NA,NA,NA,NA,NA,NA
74,0.0578000000000001,0.0563,0.1173,0.1758,0.1704,0.0550999999999999,0.0583,0.1145,0.7145,0.9314,0.00340000000000007,-0.8934,-0.7584,-0.8594,0.1702,0.0553999999999999,0.0572999999999999,0.2287,0.1718,0.1656,0.2333,0.0580000000000001,0.1135,-0.8796,0.2112,-0.4846,1,0.1146,0.2839,-0.8356,0.0593999999999999,-0.8816,-0.8842,-0.8806,0.116,0.1191,0.117,0.5262,0.6474,0.0549999999999999,0.1111,0.5655,0.0556000000000001,0.3221,0.3743,0.4233,-0.3524,-0.0649999999999999,-0.6616,0.0569,0.1139,0.0578000000000001,0.1664,-0.8764,-0.8446,-0.8796,-0.8872,-0.7784,0.0589999999999999,0.1183,0.2778,0.222,0.0581,0.1131,0.1091,0.4214,0.6829,0.0575000000000001,0.0555000000000001,-0.7098,-0.8802,-0.884,0.0567,NA,NA,NA,NA,NA,NA,NA,NA,NA,NA,NA,NA,NA,NA,NA,NA,NA,NA,NA,NA,NA,NA,NA,NA,NA,NA,NA,NA,NA,NA,NA,NA,NA,NA,NA,NA,NA,NA,NA,NA,NA,NA,NA,NA
75,0.2254,0.2239,0.4059,0.5474,0.5389,0.2329,0.2211,0.404,0.9846,-1,-0.6228,-1,-0.8814,-1,-0.4442,-0.6982,0.2265,0.6715,0.5488,0.558,0.6636,0.2171,0.4041,-1,-0.4246,-0.905,1,-0.5226,0.0267999999999999,-1,0.2299,-1,-1,-1,0.4132,-0.4416,0.406,0.9586,0.9884,0.2191,0.4116,0.9721,0.2239,0.8239,0.8702,0.9103,-0.8318,-0.6176,-0.5916,0.2257,-0.5332,-0.708,-0.3214,-1,-0.9262,-1,-1,-0.8798,0.2302,0.4084,-0.044,0.00479999999999992,0.2231,0.4021,0.4081,0.546,0.8816,-0.7014,-0.6284,-0.4472,-1,-1,-1,-1,NA,NA,NA,NA,NA,NA,NA,NA,NA,NA,NA,NA,NA,NA,NA,NA,NA,NA,NA,NA,NA,NA,NA,NA,NA,NA,NA,NA,NA,NA,NA,NA,NA,NA,NA,NA,NA,NA,NA,NA,NA,NA,NA
76,0.1722,0.1738,0.318,0.4471,0.4383,0.1659,0.1714,0.3163,0.982,0.9498,-0.8212,-1,-0.8556,-1,-0.3228,-0.666,0.1702,0.5499,0.4513,0.4399,0.5481,0.1776,0.3183,-1,-0.5634,-0.8764,1,-0.483,-0.4964,-1,0.1694,-1,-1,-1,0.317,-0.5704,0.3124,0.8965,0.9586,0.1762,0.3231,0.9259,0.1709,0.7143,0.7727,0.8274,-0.9522,-0.8118,-0.4036,0.1692,-0.6252,-0.6694,-0.6798,-1,-0.9586,-1,-1,-0.9598,0.1637,0.3204,-0.0758,-0.0978,0.1674,0.3122,0.3217,-0.15,0.9382,-0.6614,-1,-0.6088,-1,-1,-1,-1,-0.9956,NA,NA,NA,NA,NA,NA,NA,NA,NA,NA,NA,NA,NA,NA,NA,NA,NA,NA,NA,NA,NA,NA,NA,NA,NA,NA,NA,NA,NA,NA,NA,NA,NA,NA,NA,NA,NA,NA,NA,NA,NA,NA
77,0.0580000000000001,0.0553999999999999,0.119,0.1708,0.1682,0.0577000000000001,0.0589,0.1185,0.7207,0.9246,-0.0758,0.0598000000000001,0.1717,0.1184,-0.7176,0.0577000000000001,0.0562,0.2295,0.1759,0.175,0.2253,0.0579000000000001,0.1147,0.0580000000000001,0.216,-0.6804,1,0.1189,-0.8474,0.1114,0.0573999999999999,0.0584,0.0613999999999999,0.0569999999999999,0.1179,-0.8706,0.116,0.5083,0.6322,0.0611999999999999,0.1114,0.568,0.0611999999999999,0.3282,0.3782,0.4286,-0.4286,-0.2424,0.1784,0.0569,0.1141,0.0597000000000001,-0.9034,0.0562,0.1148,0.1132,0.0576000000000001,-0.8338,0.0615000000000001,0.1168,0.277,0.2229,0.0572999999999999,0.1126,0.1105,-0.7112,0.6858,0.0551999999999999,-0.8832,-0.8428,0.0591999999999999,0.0618000000000001,0.0599000000000001,0.0557000000000001,-0.7192,-0.6978,NA,NA,NA,NA,NA,NA,NA,NA,NA,NA,NA,NA,NA,NA,NA,NA,NA,NA,NA,NA,NA,NA,NA,NA,NA,NA,NA,NA,NA,NA,NA,NA,NA,NA,NA,NA,NA,NA,NA,NA,NA
78,0.1127,-0.8836,-0.9866,-1,-1,0.1166,0.1191,-1,0.4114,-1,0.7745,0.1118,0.3194,0.2281,0.313,0.1155,0.1141,-1,-0.9776,-0.9686,-1,-1,-1,0.1096,0.8506,0.4845,-1,0.2254,-0.4826,0.221,0.1203,0.111,0.1107,0.113,-0.787,-0.7942,-0.8076,-1,-1,-0.889,-0.9636,-1,-0.8878,-0.6882,-0.1484,-1,0.5604,0.7379,0.3252,0.1171,0.2235,0.1157,0.3145,0.1104,0.2119,0.228,0.1139,0.2215,0.1196,0.218,-0.3092,-0.5702,0.1162,-0.8088,-1,0.688,0.4816,0.1156,0.1175,0.3162,0.1152,0.1182,0.1131,0.114,0.4062,0.3181,0.1184,NA,NA,NA,NA,NA,NA,NA,NA,NA,NA,NA,NA,NA,NA,NA,NA,NA,NA,NA,NA,NA,NA,NA,NA,NA,NA,NA,NA,NA,NA,NA,NA,NA,NA,NA,NA,NA,NA,NA,NA
79,0.0569999999999999,0.0576000000000001,-0.8392,-0.7548,-0.7396,0.0619000000000001,0.0572999999999999,-0.8088,0.7218,0.9308,0.5238,0.0589,0.1705,0.1127,0.1672,0.0591999999999999,0.0575000000000001,-0.6788,-0.8086,-0.8058,-0.701,-0.8824,-0.827,0.0637000000000001,0.6031,0.277,1,0.1151,0.2799,0.1172,0.0568,0.0639000000000001,0.0569,0.0582,0.1214,0.1096,0.1101,-0.2108,0.2236,0.0600000000000001,-0.826,-0.0466,0.0533999999999999,-0.6372,-0.5922,-0.6172,0.3236,0.4738,0.1695,0.0588,0.1173,0.0543,0.1688,0.0573999999999999,0.1165,0.1157,0.0564,0.1152,0.0573999999999999,0.1161,0.2796,0.2293,0.0587,0.1132,-0.7852,0.4283,0.3628,0.0612999999999999,0.0592999999999999,0.1758,0.0595000000000001,0.0571999999999999,0.0567,0.0578000000000001,0.2292,0.1648,0.0563,-0.8876,NA,NA,NA,NA,NA,NA,NA,NA,NA,NA,NA,NA,NA,NA,NA,NA,NA,NA,NA,NA,NA,NA,NA,NA,NA,NA,NA,NA,NA,NA,NA,NA,NA,NA,NA,NA,NA,NA,NA
80,0.0562,-0.8826,-0.8666,-0.8302,-0.7618,0.0562,0.0532999999999999,-0.8392,0.2766,0.9288,0.5282,0.0587,0.1748,0.1153,0.1711,0.0598000000000001,0.0601,-0.7296,-0.9188,-0.8754,-0.7272,0.0587,-0.8384,0.0613999999999999,0.6006,0.2793,1,0.1138,-0.7394,0.1144,0.0563,0.0608,0.0567,0.0552999999999999,-0.8554,-0.8474,-0.896,-0.2942,0.1834,-0.8804,-0.9048,-0.1128,-0.876,-0.5026,0.3777,-0.6882,0.3302,0.4785,0.1705,0.0579000000000001,0.1191,0.0549999999999999,0.1688,0.0601,0.1127,0.1153,0.0598000000000001,0.1134,0.0599000000000001,0.1185,-0.5448,-0.7248,0.0598000000000001,-0.8968,-0.7874,0.4311,0.6853,0.0623,0.0609,0.1709,0.0601,0.0598000000000001,0.0603,0.0576000000000001,0.2263,0.1747,0.0573999999999999,-0.9026,0.0589,NA,NA,NA,NA,NA,NA,NA,NA,NA,NA,NA,NA,NA,NA,NA,NA,NA,NA,NA,NA,NA,NA,NA,NA,NA,NA,NA,NA,NA,NA,NA,NA,NA,NA,NA,NA,NA,NA
81,0.0639000000000001,-0.8776,-0.819,-0.7322,-0.698,0.0621,0.0578000000000001,-0.7946,0.3972,0.925,0.5152,0.0603,0.1732,0.1153,0.1736,0.0584,0.0588,-0.615,-0.8302,-0.794,-0.618,0.0566,-0.8022,0.0581,0.5981,0.278,1,0.1124,-0.5944,0.1118,0.0636000000000001,0.0561,0.056,0.0586,-0.8154,-0.8104,-0.8374,-0.0612,0.2768,-0.8774,-0.8406,0.0498000000000001,-0.8788,-0.512,0.375,-0.4164,0.3314,0.4733,0.1754,0.0604,0.1183,0.0585,0.1646,0.0586,0.1165,0.1141,0.0588,0.1222,0.0590999999999999,0.1185,-0.5462,-0.5964,0.0569,-0.8304,-0.7646,0.4252,0.6785,0.0553999999999999,0.0585,0.1747,0.0537000000000001,0.0569999999999999,0.0599000000000001,0.0548999999999999,0.2294,0.1664,0.0595000000000001,-0.8896,0.0589999999999999,-0.8814,NA,NA,NA,NA,NA,NA,NA,NA,NA,NA,NA,NA,NA,NA,NA,NA,NA,NA,NA,NA,NA,NA,NA,NA,NA,NA,NA,NA,NA,NA,NA,NA,NA,NA,NA,NA,NA
82,0.0583,0.0561,0.1122,0.1669,0.1717,-0.8802,0.0625,0.1187,0.358,0.9631,0.5216,0.0590999999999999,0.1685,0.1127,0.172,0.0539000000000001,0.0616000000000001,0.2274,-0.8826,-0.8292,0.2227,0.0572999999999999,0.1134,0.0551999999999999,0.6064,0.2782,1,0.1187,0.2787,0.1203,0.0618000000000001,0.0619000000000001,0.0606,0.0563,-0.8296,0.1187,0.1138,0.5106,0.6478,0.0569999999999999,0.11,0.5533,0.0598000000000001,0.321,0.3743,0.4369,0.3324,0.4735,0.1711,0.0599000000000001,0.1166,0.0604,0.1744,0.0557000000000001,0.1149,0.114,0.0589999999999999,0.1143,-0.8846,0.1151,0.2775,0.2308,-0.88,0.1166,0.1122,0.4334,0.3484,0.0597000000000001,0.0615000000000001,0.1713,0.0580000000000001,0.0571999999999999,0.0551999999999999,0.0575000000000001,0.227,0.1743,0.0537000000000001,0.1143,0.0593999999999999,0.0548999999999999,0.0610999999999999,NA,NA,NA,NA,NA,NA,NA,NA,NA,NA,NA,NA,NA,NA,NA,NA,NA,NA,NA,NA,NA,NA,NA,NA,NA,NA,NA,NA,NA,NA,NA,NA,NA,NA,NA,NA
83,0.0580000000000001,0.0609,0.121,0.1742,0.1761,0.0572999999999999,0.0591999999999999,0.1138,0.7141,0.9262,0.5101,0.0617000000000001,-0.762,-0.8714,-0.7062,-0.8804,0.0593999999999999,0.2263,0.1702,0.1737,0.2237,0.0583,0.1175,0.0606,0.6084,0.2828,1,-0.7958,0.283,-0.8494,0.0583,0.0583,0.0580000000000001,0.0570999999999999,0.1141,0.1169,0.1141,0.5129,0.6409,0.0628,0.1115,0.5662,0.0565,0.3321,0.3807,0.4269,0.3296,0.4788,-0.6638,0.0600000000000001,-0.893,-0.8858,0.1768,0.0613999999999999,-0.8586,-0.8884,0.0595000000000001,0.1177,0.0555000000000001,0.1168,-0.591,-0.6486,0.0590999999999999,0.1143,0.1185,0.4231,0.3656,-0.879,0.0616000000000001,0.1705,0.0572999999999999,0.0531999999999999,-0.8848,0.0589,-0.6288,-0.6618,0.0577000000000001,0.1163,0.0620000000000001,0.0592999999999999,0.0555000000000001,0.0551999999999999,NA,NA,NA,NA,NA,NA,NA,NA,NA,NA,NA,NA,NA,NA,NA,NA,NA,NA,NA,NA,NA,NA,NA,NA,NA,NA,NA,NA,NA,NA,NA,NA,NA,NA,NA
84,0.0583,0.0605,0.1133,0.1803,0.1769,0.0550999999999999,0.0592999999999999,0.1145,0.7134,0.9314,0.5272,0.0573999999999999,-0.7716,-0.8738,-0.6714,-0.8898,0.0556000000000001,0.2269,0.17,0.1697,0.2311,0.0623,0.1194,0.0572999999999999,0.602,0.2799,1,-0.8068,0.2752,-0.8334,0.0589999999999999,0.0588,0.0562,0.0592999999999999,0.1168,0.1138,0.1149,0.5163,0.6471,0.0571999999999999,0.1111,0.5571,0.0564,0.3362,0.3743,0.4265,0.3319,0.476,-0.6624,0.056,-0.891,-0.8856,0.1766,0.0553999999999999,-0.866,-0.899,0.0566,0.1205,0.0621,0.1121,-0.582,-0.6328,0.0570999999999999,0.1212,0.113,0.4245,0.3614,-0.8896,0.0550999999999999,0.1709,0.0580000000000001,0.0597000000000001,-0.8856,0.0620000000000001,-0.6318,-0.6592,0.0607,0.1147,0.0547,0.0629,0.0587,0.0558000000000001,-0.882,NA,NA,NA,NA,NA,NA,NA,NA,NA,NA,NA,NA,NA,NA,NA,NA,NA,NA,NA,NA,NA,NA,NA,NA,NA,NA,NA,NA,NA,NA,NA,NA,NA,NA
85,0.0565,0.0613999999999999,0.1192,0.1726,0.1737,0.0577000000000001,0.0616000000000001,0.1147,0.7149,0.9326,0.5137,0.0580000000000001,-0.8262,-0.8456,-0.729,-0.879,0.0601,0.2265,0.175,0.1696,0.2268,0.0649,0.112,0.0589,0.6005,0.2879,1,-0.831,0.2849,-0.845,0.0589,0.0553999999999999,0.0576000000000001,0.0573999999999999,0.1207,0.1143,0.1107,0.5116,0.6436,0.0570999999999999,0.1161,0.5634,0.0564,0.3317,0.3773,0.4203,0.3284,0.4779,-0.6922,0.0581,-0.8756,-0.8792,0.1701,0.0581,-0.8768,-0.8882,0.0562,0.1097,0.0549999999999999,0.1178,-0.7462,-0.7584,0.0548999999999999,0.1092,0.1163,0.434,0.3524,-0.878,0.0602,0.1676,0.0577000000000001,0.0599000000000001,-0.8824,0.0569,-0.7294,-0.6926,0.0576000000000001,0.1185,0.0548999999999999,0.0589999999999999,0.0642,0.0581,-0.89,-0.8834,NA,NA,NA,NA,NA,NA,NA,NA,NA,NA,NA,NA,NA,NA,NA,NA,NA,NA,NA,NA,NA,NA,NA,NA,NA,NA,NA,NA,NA,NA,NA,NA,NA
86,0.0551999999999999,0.0603,0.1188,0.1665,0.174,0.0604,0.0567,0.1161,0.7204,0.9256,0.5189,0.0619000000000001,-0.8722,-0.8382,-0.7752,-0.889,0.0559000000000001,0.2271,0.1717,0.1656,0.2253,0.0579000000000001,0.1177,0.0577000000000001,0.6072,0.2693,1,-0.8514,0.2768,-0.8412,0.0544,0.0654999999999999,0.0572999999999999,0.0567,0.114,0.1174,0.1158,0.5217,0.6371,0.0585,0.1189,0.5564,0.0589999999999999,0.3295,0.3708,0.4336,0.3259,0.4792,-0.717,0.0569999999999999,-0.8596,-0.8828,0.1696,0.0609,-0.861,-0.86,0.0609,0.1141,0.0577000000000001,0.1164,-0.7878,-0.7514,0.0599000000000001,0.116,0.1142,0.432,0.366,-0.888,0.0623,0.1749,0.0584,0.0601,-0.8746,0.0587,-0.7782,-0.6866,0.0618000000000001,0.1154,0.0604,0.0556000000000001,0.0591999999999999,0.0606,-0.8836,-0.89,-0.8936,NA,NA,NA,NA,NA,NA,NA,NA,NA,NA,NA,NA,NA,NA,NA,NA,NA,NA,NA,NA,NA,NA,NA,NA,NA,NA,NA,NA,NA,NA,NA,NA
87,0.0607,-0.8726,-0.9354,-0.895,-0.827,0.0551999999999999,0.0616000000000001,-0.8672,0.2764,0.919,0.5211,0.0599000000000001,0.1759,0.1151,0.1664,0.0575000000000001,0.0573999999999999,-0.8284,-0.8932,-0.89,-0.8236,0.0569,-0.8836,0.0564,0.6065,0.2833,1,0.12,-0.7208,0.1154,0.0576000000000001,0.0546,0.0593999999999999,0.0609,-0.9226,-0.8966,-0.9674,-0.336,0.0116000000000001,-0.8878,-0.9586,-0.4148,-0.8794,-0.5166,0.3838,-0.6926,0.3282,0.4684,0.1746,0.0562,0.1137,0.0580000000000001,0.172,0.056,0.1157,0.1187,0.0590999999999999,0.1217,0.0570999999999999,0.116,-0.5324,-0.8168,0.0604,-0.9414,-0.8158,0.4229,0.679,0.0611999999999999,0.0551999999999999,0.1742,0.0586,0.0589999999999999,0.0591999999999999,0.0577000000000001,0.2254,0.1746,0.0581,-0.8536,0.0596000000000001,-0.8838,-0.8836,0.0571999999999999,0.0575000000000001,0.0598000000000001,0.0563,0.0595000000000001,NA,NA,NA,NA,NA,NA,NA,NA,NA,NA,NA,NA,NA,NA,NA,NA,NA,NA,NA,NA,NA,NA,NA,NA,NA,NA,NA,NA,NA,NA,NA
88,0.1196,-1,-0.9854,-0.9752,-1,0.1197,0.1167,-0.9866,0.7338,-1,0.7772,0.1155,0.3219,0.217,0.3216,0.1096,0.116,-0.9198,-0.8714,-0.8106,-1,-1,-0.8976,0.1181,0.8423,0.4897,1,0.217,-0.2938,0.2221,0.1119,0.1221,0.1144,0.1217,-0.8548,-0.8322,-0.8672,0.1434,0.1068,-1,-1,-1,-1,-0.2158,0.1124,-0.3402,0.559,0.7214,0.3125,0.1172,0.2236,0.1165,0.3164,0.1169,0.2169,0.2156,0.1193,0.2275,0.1119,0.22,-0.1032,-0.7598,0.1132,-0.8496,-1,0.6786,0.7628,0.1122,0.1178,0.32,0.1179,0.1184,0.1191,0.1159,0.4103,0.3162,0.1182,-1,-0.7858,-1,-1,0.1082,0.1071,0.1196,0.1132,0.1135,-0.835,NA,NA,NA,NA,NA,NA,NA,NA,NA,NA,NA,NA,NA,NA,NA,NA,NA,NA,NA,NA,NA,NA,NA,NA,NA,NA,NA,NA,NA,NA
89,0.1148,-1,-0.9856,-0.9902,-1,0.1147,0.1128,-1,0.6944,-1,0.7785,0.1146,0.3204,0.2129,0.3132,0.1152,0.1162,-1,-0.8652,-0.8168,-1,-1,-0.9222,0.1117,0.8475,0.4831,-1,0.222,-0.313,0.2256,0.113,0.116,0.1118,0.1146,-0.857,-0.8484,-0.863,0.115,-0.1116,-1,-1,-1,-1,-0.2724,0.0604,-0.3848,0.5667,0.7328,0.3154,0.1149,0.2168,0.1208,0.3189,0.1308,0.2207,0.2261,0.118,0.2196,0.1135,0.2175,-0.109,-0.798,0.116,-0.8566,-1,0.6859,0.7284,0.1147,0.1148,0.3178,0.1206,0.112,0.1162,0.1187,0.3998,0.3172,0.1129,-1,-0.7888,-1,-1,0.1167,0.1209,0.1138,0.1164,0.1136,-0.8502,-0.9894,NA,NA,NA,NA,NA,NA,NA,NA,NA,NA,NA,NA,NA,NA,NA,NA,NA,NA,NA,NA,NA,NA,NA,NA,NA,NA,NA,NA,NA
90,0.1162,-1,-1,-0.9954,-0.9702,0.1122,0.1159,-0.9904,0.6844,-1,0.7776,0.1136,0.3293,0.2249,0.3143,0.1154,0.1131,-0.9466,-0.8704,-0.8328,-0.9502,-1,-0.937,0.1184,0.844,0.4902,-1,0.2159,-0.3076,0.2243,0.1199,0.1132,0.1139,0.1156,-0.8516,-0.8538,-0.8764,0.0644,-0.1558,-1,-1,-1,-1,-0.3162,0.00859999999999994,-0.3836,0.5686,0.7318,0.3202,0.1126,0.2296,0.1188,0.312,0.1201,0.2215,0.2137,0.113,0.2267,0.113,0.2181,-0.1128,-0.8198,0.117,-0.857,-0.9842,0.6776,0.7218,0.1159,0.119,0.3185,0.1152,0.1106,0.1184,0.1155,0.4117,0.3195,0.1118,-1,-0.7986,-1,-1,0.1077,0.1153,0.1183,0.1144,0.1171,-1,-0.982,-0.9928,NA,NA,NA,NA,NA,NA,NA,NA,NA,NA,NA,NA,NA,NA,NA,NA,NA,NA,NA,NA,NA,NA,NA,NA,NA,NA,NA,NA
91,0.0595000000000001,0.0568,0.1158,0.1724,0.1767,0.0581,0.0570999999999999,0.1103,0.7091,0.9312,-0.0402,-0.8812,-0.837,-0.9412,0.1771,0.0597000000000001,0.0563,0.2248,0.1748,0.1718,0.2299,0.0565,0.1185,-0.8762,0.19,-0.5978,1,0.1152,0.2797,-0.9052,0.0589999999999999,-0.8796,-0.8866,-0.886,0.1145,0.1164,0.1135,0.5264,0.6434,0.0578000000000001,0.1152,0.5599,0.0573999999999999,0.315,0.3746,0.4241,-0.3776,-0.1322,-0.7038,0.0576000000000001,0.1139,0.0567,0.1692,-0.8842,-0.9346,-0.88,-0.8868,-0.8156,0.0608,0.1137,0.2751,0.2273,0.0587,0.1119,0.115,0.4238,0.6816,0.0578000000000001,0.0590999999999999,-0.7896,-0.8816,-0.8838,0.0531999999999999,-0.8822,-0.747,-0.6854,0.0589999999999999,0.1172,0.0587,0.0552999999999999,0.0582,0.0589,0.0627,0.0573999999999999,0.0568,0.0609,0.0610999999999999,0.1221,0.1146,0.1195,NA,NA,NA,NA,NA,NA,NA,NA,NA,NA,NA,NA,NA,NA,NA,NA,NA,NA,NA,NA,NA,NA,NA,NA,NA,NA,NA
92,0.0523,0.0575000000000001,0.1151,0.1695,0.1706,0.0613999999999999,0.0579000000000001,0.119,0.724,0.9232,0.00859999999999994,-0.881,-0.8284,-0.9446,0.1657,0.0569999999999999,0.0583,0.2373,0.1716,0.1737,0.2261,0.0586,0.1126,-0.8844,0.2152,-0.5704,1,0.1123,0.2785,-0.893,0.0589999999999999,-0.8814,-0.8804,-0.8832,0.114,0.119,0.1185,0.5286,0.6347,0.0601,0.1238,0.557,0.0597000000000001,0.3256,0.3815,0.426,-0.3804,-0.1154,-0.6908,0.0588,0.1176,0.0650999999999999,0.1685,-0.8812,-0.9042,-0.8852,-0.8854,-0.8224,0.0631999999999999,0.1119,0.2787,0.2238,0.0571999999999999,0.1179,0.1149,0.422,0.6837,0.0589,0.0609,-0.7814,-0.8762,-0.8724,0.0552999999999999,-0.8856,-0.7014,-0.677,0.0580000000000001,0.1197,0.0544,0.0559000000000001,0.0564,0.0547,0.0584,0.0561,0.0571999999999999,0.0616000000000001,0.0582,0.1207,0.1081,0.1096,-0.8868,NA,NA,NA,NA,NA,NA,NA,NA,NA,NA,NA,NA,NA,NA,NA,NA,NA,NA,NA,NA,NA,NA,NA,NA,NA,NA
93,0.2264,0.227,0.3995,0.5482,0.00619999999999998,0.2279,0.2214,0.4054,0.9872,0.928,-1,-1,-0.541,-0.6536,0.0284,0.2283,0.2275,0.6589,0.5563,0.5403,0.1828,0.2238,0.4139,-1,-1,-0.8498,1,0.4117,-0.5672,-0.688,-0.5534,-1,-1,-1,0.406,-0.443,-0.352,0.8658,0.9688,0.2228,0.4014,0.9188,0.2328,0.4796,0.5218,0.5546,-1,-0.5996,-0.1294,0.2189,0.4095,0.219,-0.8882,-1,-0.5784,-0.4826,-1,-0.933,0.2282,0.4056,0.4092,0.6586,0.2221,0.4041,0.4026,-0.0474,0.9692,0.2199,-1,-0.5702,-1,-1,0.2252,-1,-0.9282,-0.9552,-1,0.3934,0.2279,0.2311,0.2293,0.2218,0.228,0.2264,0.2313,0.2227,0.2182,0.4104,0.4068,0.4093,-1,-1,NA,NA,NA,NA,NA,NA,NA,NA,NA,NA,NA,NA,NA,NA,NA,NA,NA,NA,NA,NA,NA,NA,NA,NA,NA
94,0.0587,0.0536000000000001,0.1192,0.1715,0.1685,0.0561,0.0602,0.1162,0.7122,0.9198,0.024,-0.8814,-0.738,-0.8638,0.1642,0.0581,0.0602,0.2194,0.1687,0.1748,0.2303,0.0583,0.1101,-0.8852,0.2018,-0.4752,1,0.1179,0.2809,-0.8422,0.0592999999999999,-0.8834,-0.8854,-0.8832,0.1129,0.1123,0.119,0.5144,0.6414,0.0582,0.1241,0.5691,0.056,0.3343,0.3848,0.433,-0.3624,-0.0638,-0.6744,0.0536000000000001,0.1149,0.0606,0.1686,-0.8878,-0.8466,-0.8706,-0.88,-0.7722,0.0596000000000001,0.1127,0.2736,0.2255,0.0583,0.1128,0.1114,0.4279,0.6795,0.0598000000000001,0.0596000000000001,-0.714,-0.8848,-0.8784,0.0601,-0.881,-0.6158,-0.6614,0.0562,0.113,0.0571999999999999,0.0609,0.0565,0.0575000000000001,0.0596000000000001,0.0609999999999999,0.0552999999999999,0.0607,0.0570999999999999,0.1132,0.1186,0.1166,-0.8812,-0.8862,-0.575,NA,NA,NA,NA,NA,NA,NA,NA,NA,NA,NA,NA,NA,NA,NA,NA,NA,NA,NA,NA,NA,NA,NA,NA
95,0.0537000000000001,0.0596000000000001,0.1121,0.1679,0.1715,0.0636000000000001,0.0556000000000001,0.1192,0.709,0.9264,0.0346,-0.89,-0.7482,-0.8708,0.1707,0.0590999999999999,0.0620000000000001,0.2173,0.1718,0.1678,0.2253,0.0609999999999999,0.1176,-0.8848,0.2148,-0.4908,1,0.1181,0.2833,-0.8408,0.0667,-0.888,-0.8866,-0.8772,0.1149,0.1165,0.1145,0.5266,0.6421,0.0570999999999999,0.1171,0.5543,0.0598000000000001,0.3224,0.3792,0.4326,-0.351,-0.0754,-0.6662,0.0591999999999999,0.1182,0.0542,0.1659,-0.8864,-0.8616,-0.8954,-0.8806,-0.7866,0.0573999999999999,0.1167,0.2744,0.229,0.0562,0.1121,0.1103,0.4234,0.6853,0.0570999999999999,0.056,-0.7246,-0.8776,-0.8792,0.0597000000000001,-0.8828,-0.6204,-0.6596,0.0566,0.1152,0.0613999999999999,0.0581,0.0576000000000001,0.0620000000000001,0.0561,0.0548,0.0576000000000001,0.0553999999999999,0.0605,0.1123,0.1097,0.1164,-0.8788,-0.885,-0.5632,-0.8792,NA,NA,NA,NA,NA,NA,NA,NA,NA,NA,NA,NA,NA,NA,NA,NA,NA,NA,NA,NA,NA,NA,NA
96,0.6056,-1,-1,-0.2744,-0.0264,0.605,0.6107,-0.4834,0.7842,-1,0.5344,0.5993,0.9469,0.8473,0.9467,0.6056,0.6039,0.2766,0.1044,0.221,0.0247999999999999,-1,-0.1744,0.6001,0.297,0.367,1,0.846,0.6836,0.8457,0.6073,0.6197,0.6157,0.6005,0.0628,0.1242,0.00299999999999989,-0.247,0.766,-1,-1,-0.0172,-1,0.5214,0.4208,0.2476,0.9592,0.8246,0.9415,0.6041,0.8566,0.5994,0.7252,0.6128,0.847,0.8444,0.5999,0.8519,0.607,0.8491,0.9796,0.531,0.6014,0.0127999999999999,-0.6686,0.1652,0.9964,0.6041,0.5957,0.9437,0.6041,0.6025,0.5991,0.6024,0.9384,0.9421,0.5982,-1,-1,-1,-1,0.604,0.6055,0.6052,0.5977,0.6008,-1,-1,-1,-1,0.6058,0.6016,0.9484,0.6015,0.6044,NA,NA,NA,NA,NA,NA,NA,NA,NA,NA,NA,NA,NA,NA,NA,NA,NA,NA,NA,NA,NA,NA
97,0.0640000000000001,0.0603,0.1146,0.1685,0.1767,0.0527,0.0607,0.1169,0.7087,0.707,-0.6862,-0.8832,-0.851,-0.7986,0.1786,0.0609,0.0569999999999999,0.2289,0.173,0.1716,0.2279,0.0588,0.1177,-0.8842,-0.0278,-0.9312,0.9828,0.1104,0.2743,-0.8282,0.0564,-0.8802,-0.8836,-0.8856,0.1221,0.1166,0.1174,0.5194,0.6408,0.0587,0.111,0.566,0.0572999999999999,0.3185,0.373,0.4333,-0.7982,-0.761,-0.7496,0.0580000000000001,0.1136,0.0610999999999999,0.1795,-0.8936,-0.8042,-0.7918,-0.879,-0.9046,0.0550999999999999,0.1118,0.2822,0.2199,0.0586,0.1168,0.1221,0.4268,0.6763,0.0611999999999999,0.0617000000000001,-0.7334,-0.8792,-0.882,0.0550999999999999,-0.8784,-0.9984,-0.8764,0.0579000000000001,0.115,0.0556000000000001,0.0603,0.0608,0.0599000000000001,0.0558000000000001,0.0616000000000001,0.0613999999999999,0.0586,0.056,0.1176,0.1183,0.1162,-0.8856,-0.8824,-0.8856,-0.8934,-0.8814,0.6037,NA,NA,NA,NA,NA,NA,NA,NA,NA,NA,NA,NA,NA,NA,NA,NA,NA,NA,NA,NA,NA
98,-0.7298,0.1684,0.3241,0.4376,0.4473,0.1697,0.1698,0.3168,0.9811,-1,0.2964,-0.834,-1,-1,-0.7896,-0.8974,-0.7396,-0.1336,0.4376,0.4404,0.552,0.1727,0.3149,-1,0.492,-0.275,-1,-0.87,0.6479,-0.8898,0.1713,-1,-1,-1,0.3102,0.3154,0.3097,0.6058,0.7798,0.1681,0.324,0.6788,0.1731,0.147,0.2804,0.35,-0.1388,0.2064,-1,-0.7338,-0.9068,-0.8962,0.4429,-0.8456,-0.9792,-0.9698,-0.839,-0.6972,0.1724,-0.614,-0.6392,-0.5988,0.1682,-0.5828,0.3128,0.8266,0.4354,-0.896,0.1702,-0.5756,-1,-1,-1,-1,-0.9328,-0.8928,0.1759,0.321,0.1678,0.1726,0.1691,0.1691,-1,-1,-1,-0.8862,0.1646,0.3195,0.3235,0.312,-1,-1,-0.3954,-1,-1,0.9441,-0.8472,NA,NA,NA,NA,NA,NA,NA,NA,NA,NA,NA,NA,NA,NA,NA,NA,NA,NA,NA,NA
99,0.0591999999999999,0.0603,0.1169,0.1664,0.1674,0.0568,0.0573999999999999,0.1191,0.7101,0.8788,-0.4614,-0.8778,-0.9048,-0.8424,0.1645,0.0602,0.0591999999999999,0.2288,0.1716,0.1704,0.2321,0.0547,0.1115,-0.8832,0.1468,-0.8424,0.9802,0.1148,0.2699,-0.873,0.0581,-0.8832,-0.8838,-0.8814,0.1091,0.1166,0.1217,0.5187,0.641,0.0632999999999999,0.1129,0.5693,0.0569999999999999,0.3317,0.3791,0.4296,-0.641,-0.6352,-0.7718,0.0555000000000001,0.1164,0.0579000000000001,0.1687,-0.8834,-0.8364,-0.8078,-0.8822,-0.9176,0.0552999999999999,0.1092,0.278,0.2335,0.0572999999999999,0.1126,0.1132,0.4317,0.6823,0.0638000000000001,0.0542,-0.7602,-0.8844,-0.879,0.0536000000000001,-0.8848,-0.9188,-0.7988,0.0585,0.1148,0.0576000000000001,0.0570999999999999,0.0559000000000001,0.0569,0.0549999999999999,0.0595000000000001,0.0585,0.0586,0.0586,0.1152,0.1081,0.1131,-0.886,-0.8792,-0.794,-0.8886,-0.8836,0.6047,-0.8928,-0.82,NA,NA,NA,NA,NA,NA,NA,NA,NA,NA,NA,NA,NA,NA,NA,NA,NA,NA,NA
100,0.0576000000000001,0.0584,0.1166,0.167,0.1711,0.0596000000000001,0.0515000000000001,0.1164,0.7227,0.7902,-0.5806,-0.8908,-0.8884,-0.8294,0.1699,0.0572999999999999,0.0572999999999999,0.224,0.1758,0.1736,0.2227,0.0535000000000001,0.1171,-0.8836,0.1152,-0.8762,0.9798,0.113,0.274,-0.8464,0.0583,-0.8806,-0.8838,-0.8806,0.1232,0.1131,0.1141,0.5187,0.6367,0.0533999999999999,0.1156,0.5584,0.0550999999999999,0.327,0.3871,0.4224,-0.6988,-0.6788,-0.7748,0.0584,0.1117,0.0583,0.1707,-0.8832,-0.8284,-0.7984,-0.8778,-0.9448,0.0613999999999999,0.113,0.2802,0.2262,0.0555000000000001,0.1126,0.1129,0.4342,0.6954,0.0586,0.0636000000000001,-0.754,-0.8782,-0.8794,0.0584,-0.878,-0.9476,-0.8186,0.0593999999999999,0.1168,0.0593999999999999,0.0573999999999999,0.0597000000000001,0.0561,0.0608,0.0591999999999999,0.0589999999999999,0.0572999999999999,0.0576000000000001,0.1142,0.1149,0.1139,-0.878,-0.883,-0.8206,-0.8844,-0.8822,0.5971,-0.8894,-0.8022,-0.8846,NA,NA,NA,NA,NA,NA,NA,NA,NA,NA,NA,NA,NA,NA,NA,NA,NA,NA
101,0.1762,0.177,0.3184,0.4428,0.4398,0.1638,0.1725,0.3183,0.772,-1,-0.3266,-0.9058,-0.8878,-1,-0.4312,-0.8054,0.1759,0.5526,0.4535,0.4357,0.5524,0.1684,0.3228,-1,-0.1342,-0.4716,-1,-0.6202,0.6376,-0.9604,0.1753,-1,-1,-1,0.325,0.3167,0.3122,0.8963,0.9625,0.1688,0.3196,0.9242,0.1684,0.713,0.782,0.8272,-0.3622,-0.0362,-0.8818,0.1728,-0.7278,-0.7942,0.4455,-0.9068,-0.9668,-0.9748,-0.9028,-0.8014,0.1694,0.3202,-0.143,-0.2998,0.1765,0.3124,0.3203,0.8235,0.726,-0.793,0.1687,-0.6348,-1,-1,-0.8046,-1,-0.979,-0.8802,0.1691,0.3214,0.1763,0.1721,0.1642,0.1593,-1,-1,-0.809,-0.7962,0.167,0.3204,0.3224,0.3207,-1,-1,-0.5794,-1,-1,0.6122,-0.9034,-0.8564,-0.9086,-0.8952,NA,NA,NA,NA,NA,NA,NA,NA,NA,NA,NA,NA,NA,NA,NA,NA,NA
102,0.1128,0.1167,0.2149,0.31,0.3189,0.1136,0.1191,0.2147,0.9207,-1,-0.0468,-0.8978,-1,-1,-0.578,-0.849,0.1186,0.4078,0.327,0.3259,0.4087,0.1182,0.2228,-1,0.1498,-0.529,-1,-0.7404,0.485,-0.9904,0.1193,-1,-1,-1,0.2136,0.2237,0.225,0.7771,0.8781,0.1164,0.2212,0.8212,0.1152,0.5598,0.6166,0.6857,-0.4108,-0.1338,-1,0.1173,-0.777,-0.8458,0.3232,-0.8996,-0.9882,-0.9868,-0.8884,-0.8164,0.1146,0.2237,-0.4178,-0.502,0.1108,0.2225,0.2222,0.6808,0.502,-0.852,0.1129,-0.6112,-1,-1,-1,-1,-1,-1,0.1124,0.2248,0.1203,0.1112,0.1124,0.1166,-1,-1,-1,-0.8456,0.12,0.2259,0.2249,0.2214,-1,-1,-0.5982,-1,-1,0.8514,-0.9046,-0.9296,-0.8946,-0.8982,-0.9396,NA,NA,NA,NA,NA,NA,NA,NA,NA,NA,NA,NA,NA,NA,NA,NA
103,0.0549999999999999,0.0564,0.1178,0.1771,0.1745,0.0584,0.0580000000000001,0.1107,0.7235,0.9244,-0.000199999999999978,0.0605,0.1733,0.1181,-0.7192,0.0641,0.0630999999999999,0.2264,0.1735,0.1688,0.229,0.0605,0.1216,0.0569,0.224,-0.5634,1,0.1153,-0.7508,0.1151,0.0567,0.0622,0.0591999999999999,0.0580000000000001,0.1195,-0.8462,0.1194,0.5125,0.65,0.0606,0.1078,0.5649,0.0565,0.3263,0.3745,0.426,-0.364,-0.1436,0.1728,0.0533999999999999,0.1076,0.0558000000000001,-0.8258,0.0613999999999999,0.1183,0.1125,0.056,-0.801,0.0602,0.1112,0.2772,0.2261,0.0595000000000001,0.1178,0.1137,-0.5242,0.687,0.0569999999999999,-0.8912,-0.766,0.0562,0.0558000000000001,0.0575000000000001,0.0591999999999999,-0.6944,-0.6538,-0.8902,0.1197,0.0580000000000001,0.0561,0.0592999999999999,0.0617000000000001,0.0580000000000001,0.0609,0.0571999999999999,0.0638000000000001,0.0610999999999999,0.1185,0.1199,0.118,0.0584,0.0613999999999999,-0.591,0.0609999999999999,0.0588,0.6011,0.0557000000000001,0.1696,0.0625,0.0609999999999999,0.1701,0.1147,NA,NA,NA,NA,NA,NA,NA,NA,NA,NA,NA,NA,NA,NA,NA
104,0.0619000000000001,0.0586,-0.8468,-0.7612,-0.7596,0.0608,0.0550999999999999,-0.8194,0.7127,0.9276,0.5133,0.0559000000000001,0.1761,0.1068,0.172,0.0602,0.0544,-0.7144,-0.8128,-0.8046,-0.7186,-0.8904,-0.839,0.0584,0.5965,0.2841,1,0.1192,0.2814,0.1126,0.0576000000000001,0.0579000000000001,0.0606,0.0526,0.1142,0.1178,0.1154,-0.231,0.191,0.0587,-0.8162,-0.0896,0.0566,-0.676,-0.6464,-0.68,0.3381,0.476,0.1749,0.0591999999999999,0.119,0.0552999999999999,0.1692,0.0630999999999999,0.1166,0.1123,0.0569999999999999,0.1147,0.0541,0.1168,0.2823,0.2221,0.0585,0.1143,-0.775,0.4218,0.3676,0.0557000000000001,0.0556000000000001,0.1776,0.0613999999999999,0.0568,0.0623,0.0609999999999999,0.2206,0.1769,0.0589999999999999,-0.8642,-0.8832,0.0496000000000001,0.0559000000000001,0.0630999999999999,0.0563,0.0601,0.0556000000000001,0.0598000000000001,0.0585,-0.7848,-0.805,-0.8176,0.0559000000000001,0.0577000000000001,0.2297,0.0558000000000001,0.0608,0.0724,0.0572999999999999,0.1752,0.0586,0.0583,0.1698,0.1142,0.0549999999999999,NA,NA,NA,NA,NA,NA,NA,NA,NA,NA,NA,NA,NA,NA
105,0.112,0.1161,-0.731,-0.594,-0.678,-0.865,0.1137,-0.7868,0.4696,0.9266,0.774,0.1153,0.3217,0.2181,0.3181,0.1151,0.112,-0.5696,-0.8726,-0.9136,-0.5734,-1,-0.7598,0.1173,0.852,0.4864,-1,0.2267,0.489,0.221,0.1184,0.1143,0.12,0.1148,-0.781,0.2194,0.2188,0.01,0.2832,0.1137,-0.6932,0.1326,0.1146,-0.4076,-0.3042,-0.2546,0.557,0.7249,0.3074,0.1172,0.2179,0.1157,0.3265,0.1161,0.221,0.2194,0.1148,0.2139,-0.8746,0.2183,0.4792,0.4083,-0.874,0.2218,-0.7648,0.6791,-1,0.113,0.1136,0.3164,0.1147,0.1168,0.1174,0.1089,0.4039,0.3173,0.1189,-0.7682,-0.8528,0.1174,0.1188,-0.8408,0.116,0.1189,0.1116,0.1093,0.1106,-0.6858,-0.7212,-0.7064,0.1189,0.1169,0.4178,0.1166,0.119,0.2158,0.1127,0.323,0.1155,0.1152,0.316,0.224,0.1112,-0.8646,NA,NA,NA,NA,NA,NA,NA,NA,NA,NA,NA,NA,NA
106,0.0566,-0.8876,-0.8206,-0.7476,-0.6872,0.0569999999999999,0.0589999999999999,-0.7908,0.3892,0.9248,0.5102,0.0598000000000001,0.1709,0.1132,0.1703,0.0579000000000001,0.0558000000000001,-0.6028,-0.8418,-0.788,-0.6202,0.0581,-0.7978,0.0568,0.5984,0.282,1,0.1172,-0.586,0.1071,0.0590999999999999,0.0606,0.0608,0.0604,-0.809,-0.7938,-0.8482,-0.0702,0.2722,-0.8714,-0.8344,0.0498000000000001,-0.888,-0.4988,0.3839,-0.4096,0.3259,0.4742,0.1683,0.0569,0.112,0.0599000000000001,0.1727,0.0583,0.1159,0.1163,0.0618000000000001,0.1144,0.0578000000000001,0.1171,-0.5436,-0.593,0.0639000000000001,-0.8378,-0.7786,0.4307,0.6796,0.0571999999999999,0.0586,0.1717,0.0579000000000001,0.0559000000000001,0.0589,0.0606,0.2165,0.1664,0.0558000000000001,-0.8852,0.0588,-0.8796,-0.8754,0.0592999999999999,0.0555000000000001,0.0588,0.0617000000000001,0.0607,-0.8784,-0.785,-0.7946,-0.7972,0.0591999999999999,0.0509999999999999,0.2203,0.0567,0.0567,0.1512,0.0587,0.171,0.0580000000000001,0.0592999999999999,0.1633,0.1172,0.0589999999999999,0.0596000000000001,0.1163,NA,NA,NA,NA,NA,NA,NA,NA,NA,NA,NA,NA
107,0.1134,-1,-1,-0.9466,-1,0.1151,0.116,-0.9862,0.6276,-1,0.7771,0.1139,0.3183,0.2184,0.318,0.1151,0.1187,-1,-0.8708,-0.8528,-1,-1,-0.988,0.1183,0.8536,0.488,-1,0.226,-0.343,0.2247,0.1196,0.1202,0.1071,0.1098,-0.8926,-0.8886,-0.8902,-0.1386,-1,-0.9216,-1,-1,-1,-0.4562,-0.1324,-0.4906,0.5646,0.7314,0.3102,0.1122,0.2167,0.1156,0.3248,0.1126,0.2205,0.2208,0.1196,0.2137,0.1164,0.2184,-0.137,-0.7212,0.1182,-0.8628,-1,0.6787,0.5934,0.1172,0.1134,0.3218,0.1188,0.1166,0.1188,0.1143,0.3953,0.3156,0.1141,-1,-1,-1,-1,0.1122,0.1152,0.1113,0.1143,0.1142,-0.8794,-0.9484,-0.9532,-0.9696,0.1147,0.1105,0.411,0.1188,0.1201,-0.3486,0.1202,0.3186,0.115,0.1172,0.33,0.2191,0.1178,-1,-0.7698,-1,NA,NA,NA,NA,NA,NA,NA,NA,NA,NA,NA
108,0.0569999999999999,0.0608,0.1197,0.1766,0.1791,0.0602,0.0624,0.1132,0.721,0.9296,0.0271999999999999,-0.8812,-0.7608,-0.876,0.1744,0.0576000000000001,0.0616000000000001,0.2262,0.174,0.1718,0.225,0.0595000000000001,0.1179,-0.8822,0.2008,-0.4956,1,0.1126,0.2768,-0.8452,0.0595000000000001,-0.889,-0.88,-0.8828,0.1143,0.1169,0.1161,0.5216,0.6405,0.0593999999999999,0.112,0.5603,0.0627,0.3251,0.3859,0.4295,-0.3578,-0.089,-0.6744,0.0563,0.1133,0.0583,0.1696,-0.8874,-0.8592,-0.8944,-0.8804,-0.79,0.0573999999999999,0.1102,0.2772,0.2247,0.0539000000000001,0.1086,0.1144,0.4308,0.6804,0.0559000000000001,0.0591999999999999,-0.7118,-0.8846,-0.8822,0.0612999999999999,-0.8848,-0.6232,-0.6622,0.0550999999999999,0.1232,0.0598000000000001,0.0601,0.0589,0.0600000000000001,0.0572999999999999,0.0581,0.0595000000000001,0.0596000000000001,0.0608,0.1182,0.1164,0.1142,-0.8914,-0.8842,-0.5664,-0.8802,-0.8888,0.5909,-0.8822,-0.807,-0.8826,-0.889,-0.8332,-0.835,0.0593999999999999,0.0565,0.114,0.0623,0.1141,NA,NA,NA,NA,NA,NA,NA,NA,NA,NA
109,0.0579000000000001,0.0604,0.1172,0.1698,0.1692,0.0549999999999999,0.0604,0.1206,0.7209,0.9258,0.0282,-0.8858,-0.7738,-0.8934,0.1654,0.0580000000000001,0.0623,0.2257,0.1723,0.1712,0.2313,0.0590999999999999,0.1138,-0.8876,0.2018,-0.5058,1,0.111,0.2783,-0.86,0.0592999999999999,-0.8774,-0.8834,-0.8866,0.1183,0.1162,0.1225,0.5207,0.6501,0.0548,0.12,0.553,0.0604,0.3341,0.3781,0.4345,-0.3462,-0.0814,-0.6674,0.0573999999999999,0.118,0.0599000000000001,0.1801,-0.8798,-0.8676,-0.9108,-0.8816,-0.8018,0.0595000000000001,0.1179,0.2804,0.2241,0.0584,0.115,0.1135,0.4247,0.6824,0.0599000000000001,0.0558000000000001,-0.7324,-0.8808,-0.8938,0.0595000000000001,-0.8802,-0.6508,-0.6516,0.0569,0.1103,0.0569,0.0557000000000001,0.0568,0.0604,0.0572999999999999,0.0611999999999999,0.0606,0.0601,0.0568,0.1155,0.1171,0.1181,-0.8816,-0.8858,-0.5722,-0.8816,-0.876,0.6008,-0.8814,-0.8356,-0.8732,-0.8828,-0.8612,-0.8438,0.0595000000000001,0.0589999999999999,0.1204,0.0552999999999999,0.1139,-0.8824,NA,NA,NA,NA,NA,NA,NA,NA,NA
110,0.6426,0.6359,0.8761,0.7636,0.9605,0.6433,0.6432,0.8822,0.9936,0.9494,0.858,-1,0.443,0.1668,0.8842,0.6457,0.6272,0.8894,0.9607,0.961,0.9884,0.6345,0.8784,-1,0.131,0.2344,1,0.8757,0.3668,0.1094,0.6431,-1,-1,-1,0.8819,0.4656,0.8816,0.494,0.7082,0.6426,0.8836,0.94,0.6465,0.941,0.8132,0.7506,0.9352,0.7734,0.8246,0.6511,0.8792,0.6438,0.1602,0.2266,0.2362,0.3618,-1,0.2164,0.6442,0.8818,0.915,0.9658,0.6403,0.8792,0.8841,-0.191,0.9994,0.6476,-1,0.4674,-1,-1,0.6409,-1,0.6988,0.7036,-1,0.879,0.6451,0.6422,0.6361,0.6507,0.6433,0.6363,0.6371,0.6457,0.6341,0.8785,0.8763,0.872,-1,-1,0.7532,-1,-1,0.4146,0.2294,0.5506,0.2308,0.2336,0.3548,0.219,-1,0.6384,0.8851,0.6423,0.8787,-1,-1,NA,NA,NA,NA,NA,NA,NA,NA
111,0.0581,0.0587,0.1136,0.1753,0.1696,0.0576000000000001,0.0629,0.1176,0.7217,0.9202,0.0189999999999999,-0.8846,-0.743,-0.8658,0.1688,0.0575000000000001,0.0575000000000001,0.2188,0.1723,0.1754,0.2178,0.0571999999999999,0.114,-0.8832,0.2,-0.4638,1,0.1111,0.286,-0.8338,0.0585,-0.8768,-0.8804,-0.8792,0.1178,0.1156,0.1148,0.5202,0.6375,0.0541,0.1113,0.5565,0.0562,0.3349,0.3841,0.4307,-0.3508,-0.0692,-0.6686,0.0593999999999999,0.1146,0.0581,0.1636,-0.8814,-0.8466,-0.8798,-0.889,-0.7876,0.0604,0.1142,0.2768,0.2298,0.0613999999999999,0.1172,0.1184,0.4289,0.6742,0.0558000000000001,0.0602,-0.7138,-0.8888,-0.8756,0.0619000000000001,-0.8848,-0.6226,-0.659,0.0572999999999999,0.1179,0.0551999999999999,0.0549999999999999,0.0573999999999999,0.0622,0.0611999999999999,0.0535000000000001,0.0575000000000001,0.0605,0.0605,0.1147,0.1138,0.1169,-0.8824,-0.8838,-0.5556,-0.883,-0.8736,0.6034,-0.8848,-0.7996,-0.883,-0.8866,-0.8238,-0.8246,0.0556000000000001,0.0589,0.1191,0.0590999999999999,0.1108,-0.8772,-0.8768,0.2892,NA,NA,NA,NA,NA,NA,NA
112,0.0620000000000001,0.0589999999999999,0.1147,0.1731,0.1682,0.0575000000000001,0.0587,0.1119,0.7142,0.9236,-0.1182,-0.8764,-0.905,-0.899,0.1682,0.0558000000000001,0.0627,0.2319,0.1756,0.1813,0.2237,0.0571999999999999,0.1191,-0.8856,0.2198,-0.7052,1,0.1118,0.2794,-0.9494,0.0607,-0.877,-0.8814,-0.8866,0.1154,0.1084,0.1201,0.514,0.6466,0.0613999999999999,0.1177,0.5586,0.0579000000000001,0.3439,0.379,0.4295,-0.4444,-0.278,-0.734,0.0550999999999999,0.1125,0.0582,0.1704,-0.8826,-0.8896,-0.8504,-0.8692,-0.8346,0.0571999999999999,0.1179,0.2782,0.2286,0.0591999999999999,0.109,0.1176,0.4194,0.6822,0.0609,0.0619000000000001,-0.7898,-0.8758,-0.8916,0.0599000000000001,-0.8816,-0.8172,-0.6986,0.0564,0.1171,0.0577000000000001,0.0541,0.0624,0.0564,0.0586,0.0598000000000001,0.0565,0.0584,0.0609999999999999,0.1096,0.1171,0.1173,-0.8892,-0.8856,-0.6646,-0.8896,-0.8852,0.5978,-0.8952,-0.8848,-0.8738,-0.8808,-0.9304,-0.9288,0.0608,0.0541,0.1172,0.0595000000000001,0.1116,-0.8758,-0.878,0.1402,-0.8852,NA,NA,NA,NA,NA,NA
113,-1,0.113,0.2202,0.3269,0.3275,0.1124,0.117,0.223,0.9245,-1,0.7793,0.117,-0.784,-0.6962,-0.774,-0.8316,-1,-0.7068,0.3069,0.317,0.4112,0.1166,0.2287,0.1163,0.852,0.4879,-1,-0.852,0.4832,-0.6944,0.1174,0.1107,0.1147,0.1121,0.2211,0.2249,0.2204,-0.1842,0.164,0.1194,0.2191,0.4822,0.1146,-0.6096,-0.5338,-0.024,0.5651,0.7322,-1,-1,-1,-0.8262,0.3141,0.1137,-0.7326,-0.7872,0.111,0.2162,0.115,-0.827,-1,-1,0.1191,-0.7038,0.221,0.6791,0.5508,-0.8354,0.1192,0.309,0.1147,0.1148,-1,0.1195,-0.46,-0.519,0.1112,0.2239,0.1165,0.1134,0.1197,0.1185,-1,-1,-0.8352,-0.835,0.1175,0.2155,0.2201,0.2255,0.1139,0.1137,0.4106,0.1258,0.1153,0.8514,0.1127,-0.8204,0.117,0.1138,-0.6528,-0.7454,0.1155,0.115,0.2214,0.1108,0.225,0.1154,0.1169,0.8841,0.116,0.1105,NA,NA,NA,NA,NA
114,-0.8876,0.0629,0.1136,0.1661,0.1685,0.0596000000000001,0.0618000000000001,0.1133,0.7191,0.9246,0.5228,0.0578000000000001,-0.8016,0.1165,-0.7158,0.0579000000000001,-0.8718,-0.7058,0.1735,0.1722,0.2304,0.0565,0.1177,0.0535000000000001,0.5966,0.2785,1,-0.8228,0.2848,0.1188,0.0627,0.0588,0.0547,0.0588,0.1176,0.1145,0.1174,-0.2522,0.208,0.0572999999999999,0.1133,-0.026,0.0569999999999999,-0.6864,-0.639,-0.6404,0.3266,0.4671,-0.6868,-0.8798,-0.9144,0.0580000000000001,0.1733,0.0573999999999999,0.1145,0.1189,0.0591999999999999,0.1206,0.0565,-0.9456,-0.6834,-0.7082,0.0592999999999999,-0.8684,0.1165,0.4217,0.6828,0.0612999999999999,0.0586,0.1652,0.0587,0.0577000000000001,0.0585,0.0543,0.2224,0.1698,0.0585,0.1127,0.0579000000000001,0.0570999999999999,0.0612999999999999,0.0601,0.0616000000000001,0.0597000000000001,0.0587,0.0543,0.0550999999999999,0.1152,0.1104,0.1137,0.0529999999999999,0.0582,0.2325,0.0583,0.0577000000000001,0.5996,0.0580000000000001,-0.7976,0.0608,0.0579000000000001,0.1719,0.1125,0.0557000000000001,0.0608,0.1154,0.0626,0.1204,0.0582,0.0640000000000001,0.6453,0.0619000000000001,0.0586,-0.8472,NA,NA,NA,NA
115,0.0563,0.0570999999999999,0.1103,0.1692,0.1732,0.0585,0.0551999999999999,0.1146,0.7137,0.7206,-0.6814,-0.882,-0.8538,-0.8102,0.1728,0.0584,0.0602,0.225,0.1681,0.1737,0.2336,0.0563,0.1161,-0.882,-0.0114,-0.926,0.984,0.1174,0.2726,-0.8238,0.0583,-0.8852,-0.8846,-0.8824,0.1147,0.1132,0.1107,0.5124,0.6387,0.0571999999999999,0.117,0.5549,0.0550999999999999,0.3281,0.3796,0.4311,-0.7882,-0.7544,-0.762,0.0579000000000001,0.1125,0.0569,0.1701,-0.8902,-0.8024,-0.7818,-0.8828,-0.914,0.0551999999999999,0.1148,0.2793,0.2247,0.0556000000000001,0.1132,0.1213,0.4256,0.675,0.0582,0.0569,-0.723,-0.8806,-0.8722,0.0569999999999999,-0.8816,-0.9962,-0.8632,0.0620000000000001,0.114,0.0537000000000001,0.0541,0.0589999999999999,0.0561,0.0569999999999999,0.0558000000000001,0.0599000000000001,0.0598000000000001,0.0582,0.1217,0.1145,0.1158,-0.882,-0.8942,-0.8734,-0.8896,-0.89,0.601,-0.8868,-0.7778,-0.8858,-0.878,-0.793,-0.825,0.0620000000000001,0.0609999999999999,0.1134,0.0568,0.1181,-0.894,-0.8772,0.0906,-0.8838,-0.882,0.1164,0.0582,NA,NA,NA
116,0.1127,0.1156,0.2208,0.3238,0.3207,0.1218,0.1138,0.2215,0.9214,-1,-1,-0.8268,-0.595,-0.7694,-0.5378,0.1136,0.1209,0.4056,0.3121,0.3144,0.4022,0.1154,0.2169,-1,-1,-1,-1,0.226,-0.7116,-0.7378,0.1144,-0.8246,-0.8206,-0.8386,0.2214,-0.8032,0.2132,0.7682,0.8783,0.1213,0.2135,0.8119,0.1155,0.5599,0.6298,0.678,-1,-1,-0.5128,0.1176,0.2228,0.1152,-0.8404,-0.8244,-0.7584,-0.765,-0.8228,-1,0.1122,0.2178,0.4883,0.4079,0.1186,0.2227,0.2238,-0.4508,0.9047,0.1202,-1,-1,-1,-1,0.1216,-1,-0.7,-1,-0.897,0.2172,0.1193,0.109,0.1172,0.1118,0.1154,0.1116,0.1096,0.1115,0.1134,0.2199,0.2183,0.2225,-0.8146,-0.8252,-1,-1,-1,0.8528,-0.8306,-0.6708,-0.8236,-0.8252,-0.6952,-0.7388,-1,0.1191,0.2206,0.117,0.2152,-0.807,-1,-1,-1,-0.8204,0.2222,0.1139,-0.8208,NA,NA
117,0.1137,0.1182,0.2179,0.323,-0.5524,0.1167,0.1189,0.2217,0.9241,-1,-1,0.1171,0.3206,0.2225,-0.434,0.1171,0.1232,0.4038,0.3315,0.3159,-0.3098,0.1123,0.2163,0.116,-1,-0.556,-1,0.219,-0.8122,0.2168,-0.8014,0.113,0.1107,0.1221,0.2201,-0.7204,-0.656,0.7827,0.8839,0.1179,0.2205,0.8129,0.1133,0.5493,0.622,0.6838,-0.777,-0.0756,0.3332,0.1114,0.2202,0.1177,-0.9722,0.114,0.2173,0.2265,0.1164,-0.7448,0.1199,0.226,-0.1064,0.4072,0.1188,0.2183,0.2241,-0.4586,0.7042,0.1139,-1,-0.7872,0.1202,0.1155,0.1109,0.1141,-0.3718,-0.7334,-1,0.2194,0.1145,0.1135,0.1141,0.1161,0.1144,0.1217,0.1213,0.1192,0.1148,0.2181,0.2249,0.2263,0.1161,0.1159,-0.8944,0.1214,0.1093,0.8476,0.1169,0.319,0.1164,0.1125,0.3234,0.2273,-1,0.1184,0.2206,0.115,0.2199,0.1114,0.1189,0.3932,0.1166,0.1186,0.2308,0.1188,0.1214,-0.8672,NA
