20111000_P1D_9_c_000000000061_42	Root; qNor_Mixed_2
20110700_E2S_1_c_000000000088_2	Root; qNor_Mixed_2
20130700_C1X_14_c_000000002154_4	Root; qNor_Mixed
PLSG01_ENA|PLSG01000553|PLSG01000553.1_2	Root; qNor_Mixed
Palsa.Unlabelled.R2.T2.F2.JGI.BFC.metaspades_bin.37_86.92_3.12_scaffold_17501_c1_1	Root; qNor_Mixed
3300033797_1_Ga0334815_000069_11	Root; qNor_Mixed
PLDM01_ENA|PLDM01000196|PLDM01000196.1_1	Root; qNor_Mixed
20110800_S1D_9_c_000000004129_4	Root; qNor_Mixed
Fen.Labelled.R2.T2.F4.trimmomatic.metaspades_bin.13_76.15_2.98_NODE_3755_length_6173_cov_4.622262_9	Root; cNor_Alphaproteobacteria
Fen.Unlabelled.R3.T3.F4.trimmomatic.metaspades_bin.10_87.51_4.28_NODE_4086_length_12155_cov_6.690992_9	Root; qNor_Mixed
20120800_E2X_4_c_000000004893_4	Root; qNor_Mixed
20120800_S3D_6_c_000000000600_13	Root; qNor_Mixed
20120500_P28_10_c_000000001038_24	Root; cNor_Gammaproteobacteria
PKWO01_ENA|PKWO01000471|PKWO01000471.1_13	Root; cNor_Gammaproteobacteria
3300036645_6_Ga0395986_003367_7	Root; cNor_Verrucomicrobiota
20140700_S36_15_c_000000000318_1	Root; qNor_Mixed
PMQR01_ENA|PMQR01000241|PMQR01000241.1_1	Root; qNor_Mixed
3300038457_7_Ga0436655_001510_4	Root; qNor_Mixed
20110800_P1D_29_c_000000007346_18	Root; qNor_Mixed
Bog.Unlabelled.R1.T1.F2.JGI.BFC.metaspades_bin.50_73.60_1.14_scaffold_14256_c1_1	Root; cNor_Gammaproteobacteria
PLEE01_ENA|PLEE01000099|PLEE01000099.1_1	Root; qNor_Mixed_2
PMUU01_ENA|PMUU01000429|PMUU01000429.1_8	Root; qNor_Alphaproteobacteria
20120500_P28_16_c_000000003054_7	Root; qNor_Mixed
PKWT01_ENA|PKWT01000337|PKWT01000337.1_1	Root; qNor_Mixed
20130700_E3Y_14_c_000000001375_1	Root; qNor_Mixed
20120700_P3D_65_c_000000040030_13	Root; qNor_Mixed
PLXX01_ENA|PLXX01000095|PLXX01000095.1_6	Root; qNor_Mixed
20170700_S34_27_c_000000013148_1	Root; qNor_Mixed
20111000_S2D_7_c_000000005450_1	Root; qNor_Alphaproteobacteria
Palsa.Labelled.R1.T2.F3.JGI.BFC.metaspades_bin.13_96.87_1.82_scaffold_110_c1_69	Root; qNor_Mixed
Palsa.Labelled.R1.T2.F3.trimmomatic.metaspades_bin.66_81.03_0.00_NODE_47_length_99322_cov_122.069832_71	Root; qNor_Mixed
Palsa.Labelled.R3.T1.F3.JGI.BFC.metaspades_bin.8_98.35_2.53_scaffold_68_c1_71	Root; qNor_Mixed
20130700_E2Y_14_c_000000003423_1	Root; qNor_Mixed
20120700_P3D_24_c_000000034255_22	Root; qNor_Mixed
PLYK01_ENA|PLYK01000030|PLYK01000030.1_16	Root; qNor_Mixed
20110800_E1D_20_c_000000006610_24	Root; qNor_Mixed
20120700_E1D_3_c_000000000329_11	Root; qNor_Mixed
20120800_E1D_12_c_000000006862_14	Root; qNor_Mixed
PLNW01_ENA|PLNW01000047|PLNW01000047.1_34	Root; qNor_Mixed
PMXL01_ENA|PMXL01000479|PMXL01000479.1_22	Root; qNor_Mixed
Fen.Labelled.R2.T2.F4.trimmomatic.metaspades_bin.13_76.15_2.98_NODE_1030_length_12607_cov_5.324888_8	Root; cNor_Alphaproteobacteria
20120700_P3D_102_c_000000058468_65	Root; qNor_Mixed
PMYB01_ENA|PMYB01000085|PMYB01000085.1_8	Root; qNor_Mixed
20120500_P26_6_c_000000000213_1	Root; qNor_Mixed
Bog.Labelled.R1.T3.F2.trimmomatic.megahit_bin.19_79.84_5.70_k141_1378809_2	Root; qNor_Mixed_2
20120700_P3D_122_c_000000083712_1	Root; qNor_Mixed
PMLB01_ENA|PMLB01000192|PMLB01000192.1_36	Root; qNor_Mixed
20110600_S1S_5_c_000000000992_1	Root; qNor_Mixed_2
20140700_S11_11_c_000000002504_37	Root; qNor_Mixed_2
20120600_E1D_59_c_000000019194_11	Root; qNor_Mixed
Bog.Labelled.R1.T2.F3.JGI.BFC.metaspades_bin.127_89.77_5.17_scaffold_20108_c1_4	Root; qNor_Mixed_2
Bog.None.R3.T0.trimmomatic.megahit_bin.379_94.64_2.21_k141_3863334_7	Root; cNor_Alphaproteobacteria
PLGA01_ENA|PLGA01000535|PLGA01000535.1_7	Root; qNor_Mixed_2
20140700_S16_8_c_000000004314_4	Root; qNor_Mixed
20120800_P1D_1_c_000000002988_60	Root; qNor_Mixed_2
20130700_P1Y_13_c_000000006217_10	Root; qNor_Mixed_2
20160700_P24_1_c_000000001729_9	Root; qNor_Mixed_2
PLKY01_ENA|PLKY01000067|PLKY01000067.1_11	Root; qNor_Mixed_2
20130700_C2M_19_c_000000000873_1	Root; qNor_Mixed
20120700_E3X_1_c_000000001728_1	Root; qNor_Mixed
20100900_E1D_7_c_000000004185_30	Root; qNor_Mixed
20100900_E3D_13_c_000000000328_11	Root; qNor_Mixed
20111000_E3D_4_c_000000003879_2	Root; qNor_Mixed
20120600_E2D_15_c_000000017197_3	Root; qNor_Mixed
20120600_E3D_6_c_000000001881_5	Root; qNor_Mixed
20150700_E11_3_c_000000000687_3	Root; qNor_Mixed
20150700_E24_6_c_000000001517_3	Root; qNor_Mixed
3300023075_3_Ga0224520_1000096_8	Root; qNor_Mixed
3300023232_2_Ga0224516_1001150_2	Root; qNor_Mixed
3300036413_1_Ga0310723_001145_3	Root; qNor_Mixed
PMIX01_ENA|PMIX01000146|PMIX01000146.1_77	Root; qNor_Mixed
PMKL01_ENA|PMKL01000220|PMKL01000220.1_22	Root; qNor_Mixed
PMLE01_ENA|PMLE01000109|PMLE01000109.1_42	Root; qNor_Mixed
PLUU01_ENA|PLUU01000038|PLUU01000038.1_5	Root; qNor_Mixed
20130700_C2M_19_c_000000000873_2	Root; qNor_Mixed
20120500_P28_10_c_000000000741_23	Root; qNor_Mixed_2
20120800_E2D_20_c_000000001430_1	Root; qNor_Mixed_2
Fen.Labelled.R2.T3.F3.JGI.BFC.metaspades_bin.50_82.72_4.92_scaffold_1208_c1_11	Root; qNor_Mixed_2
Fen.Unlabelled.R1.T3.F1.JGI.BFC.metaspades_bin.57_72.73_5.56_scaffold_1296_c1_12	Root; qNor_Mixed_2
Fen.Unlabelled.R2.T3.F1.trimmomatic.megahit_bin.57_76.38_6.90_k141_1045272_2	Root; qNor_Mixed_2
Fen.Unlabelled.R2.T3.F1.trimmomatic.metaspades_bin.56_78.33_8.12_NODE_2429_length_13835_cov_4.682293_12	Root; qNor_Mixed_2
Fen.Unlabelled.R3.T3.F1.trimmomatic.metaspades_bin.52_86.45_5.80_NODE_1688_length_19761_cov_6.646656_12	Root; qNor_Mixed_2
Fen.Labelled.R2.T3.F4.trimmomatic.megahit_bin.60_87.74_5.07_k141_12495_6	Root; cNor_Alphaproteobacteria
Fen.Labelled.R2.T3.F4.trimmomatic.metaspades_bin.73_90.14_2.82_NODE_797_length_19959_cov_6.859777_7	Root; cNor_Alphaproteobacteria
Bog.Labelled.R3.T1.F3.JGI.BFC.metaspades_bin.60_74.22_0.00_scaffold_16113_c1_1	Root; qNor_Mixed
PMZX01_ENA|PMZX01000161|PMZX01000161.1_1	Root; qNor_Mixed
20120800_E3D_9_c_000000001221_7	Root; qNor_Mixed_2
20120800_E3S_14_c_000000001387_6	Root; qNor_Mixed_2
20130700_E2Y_3_c_000000002242_7	Root; qNor_Mixed_2
20130700_E3D_5_c_000000000081_7	Root; qNor_Mixed_2
20130700_E3X_10_c_000000003728_7	Root; qNor_Mixed_2
PLLW01_ENA|PLLW01000043|PLLW01000043.1_7	Root; qNor_Mixed_2
PLMJ01_ENA|PLMJ01000050|PLMJ01000050.1_10	Root; qNor_Mixed_2
PLPM01_ENA|PLPM01000219|PLPM01000219.1_4	Root; qNor_Mixed_2
20130700_E3D_3_c_000000000813_1	Root; qNor_Mixed
20120800_E2X_26_c_000000005931_1	Root; qNor_Mixed_2
PLEK01_ENA|PLEK01000617|PLEK01000617.1_2	Root; qNor_Mixed
20130700_E3Y_1_c_000000001924_16	Root; qNor_Mixed
Bog.Unlabelled.R2.T3.F2.trimmomatic.metaspades_bin.66_96.92_9.01_NODE_26045_length_6720_cov_3.564441_2	Root; qNor_Mixed_2
20120700_S1D_103_c_000000003415_8	Root; qNor_Planctomycetota
20110800_E1D_10_c_000000000880_75	Root; qNor_Mixed_2
20120800_S2D_2_c_000000001067_4	Root; cNor_Bacteroidota
3300036876_9_Ga0334794_000122_58	Root; cNor_Bacteroidota
20110800_E2D_14_c_000000002070_14	Root; qNor_Mixed
PKWL01_ENA|PKWL01000061|PKWL01000061.1_78	Root; qNor_Mixed_2
Bog.Labelled.R2.T3.F3.JGI.BFC.metaspades_bin.43_70.00_0.00_scaffold_27672_c1_1	Root; qNor_Mixed
20110700_P1D_5_c_000000001912_1	Root; qNor_Mixed
20110800_E2D_11_c_000000008239_1	Root; qNor_Mixed
20111000_E3M_2_c_000000001075_7	Root; qNor_Mixed
20120700_S1D_33_c_000000093749_13	Root; qNor_Mixed
20150700_S33_10_c_000000000778_1	Root; qNor_Mixed
20130700_S1Z_9_c_000000002456_1	Root; qNor_Mixed
PLEK01_ENA|PLEK01000617|PLEK01000617.1_1	Root; qNor_Mixed
PLVM01_ENA|PLVM01000060|PLVM01000060.1_1	Root; qNor_Mixed
Bog.Labelled.R3.T1.F3.trimmomatic.metaspades_bin.7_93.10_2.85_NODE_22126_length_4264_cov_5.470421_3	Root; qNor_Mixed
20150700_P35_3_c_000000001262_2	Root; qNor_Mixed
Bog.Unlabelled.R2.T1.F2.trimmomatic.megahit_bin.11_73.26_4.27_k141_69408_1	Root; qNor_Mixed_2
20120800_E3D_8_c_000000001191_6	Root; qNor_Mixed
PMES01_ENA|PMES01000120|PMES01000120.1_7	Root; qNor_Mixed
PLKY01_ENA|PLKY01000078|PLKY01000078.1_8	Root; qNor_Mixed
20170700_S25_36_c_000000003842_1	Root; qNor_Mixed
20130700_S1X_1_c_000000006424_4	Root; qNor_Mixed
20130700_S1Y_1_c_000000002083_1	Root; qNor_Mixed_2
PLFQ01_ENA|PLFQ01000025|PLFQ01000025.1_12	Root; qNor_Mixed
20130700_S3Y_7_c_000000002174_13	Root; qNor_Mixed
20130700_S3X_12_c_000000004313_2	Root; qNor_Mixed
20120500_P13_3_c_000000002703_1	Root; qNor_Mixed
Bog.Labelled.R2.T2.F3.trimmomatic.megahit_bin.11_88.54_2.70_k141_287092_8	Root; cNor_Alphaproteobacteria
Bog.Labelled.R2.T2.F3.trimmomatic.metaspades_bin.80_90.83_1.72_NODE_2768_length_17567_cov_8.176222_10	Root; cNor_Alphaproteobacteria
Bog.Labelled.R3.T2.F3.trimmomatic.megahit_bin.72_83.76_2.41_k141_1044318_4	Root; cNor_Alphaproteobacteria
Bog.Labelled.R3.T2.F3.trimmomatic.metaspades_bin.100_85.83_2.04_NODE_3582_length_18892_cov_7.360832_11	Root; cNor_Alphaproteobacteria
Bog.None.R1.T0.trimmomatic.megahit_bin.250_93.92_2.82_k141_721085_11	Root; cNor_Alphaproteobacteria
Bog.None.R2.T0.trimmomatic.megahit_bin.107_92.49_2.28_k141_1222002_4	Root; cNor_Alphaproteobacteria
Bog.None.R3.T0.JGI.BFC.metaspades_bin.273_80.99_2.41_scaffold_126164_c1_3	Root; cNor_Alphaproteobacteria
Bog.Unlabelled.R2.T2.F2.trimmomatic.megahit_bin.74_75.81_1.41_k141_112894_6	Root; cNor_Alphaproteobacteria
Bog.Unlabelled.R3.T1.F2.trimmomatic.metaspades_bin.145_91.02_1.42_NODE_9098_length_9770_cov_7.222234_3	Root; cNor_Alphaproteobacteria
Bog.Unlabelled.R3.T1.F3.trimmomatic.metaspades_bin.199_72.57_0.00_NODE_11458_length_10815_cov_9.759480_10	Root; cNor_Alphaproteobacteria
Bog.Unlabelled.R3.T2.F2.trimmomatic.metaspades_bin.60_80.55_1.99_NODE_12560_length_7302_cov_5.257210_4	Root; cNor_Alphaproteobacteria
Bog.Unlabelled.R3.T2.F3.trimmomatic.metaspades_bin.21_86.06_2.35_NODE_12654_length_9715_cov_6.076190_9	Root; cNor_Alphaproteobacteria
PKUZ01_ENA|PKUZ01000111|PKUZ01000111.1_9	Root; qNor_Mixed_2
20170700_E33_1_c_000000000139_1	Root; qNor_Mixed_2
20140700_S35_4_c_000000001758_2	Root; qNor_Mixed_2
PLYB01_ENA|PLYB01000247|PLYB01000247.1_5	Root; qNor_Mixed
20120600_S2M_11_c_000000003621_8	Root; qNor_Mixed
20110800_S1M_29_c_000000003897_11	Root; qNor_Mixed
20111000_P3M_8_c_000000003633_2	Root; qNor_Mixed
20120500_P28_12_c_000000002790_10	Root; qNor_Mixed_2
PKWK01_ENA|PKWK01000268|PKWK01000268.1_2	Root; qNor_Mixed_2
Bog.None.R2.T0.JGI.BFC.metaspades_bin.254_90.92_2.19_scaffold_125924_c1_4	Root; qNor_Mixed
PLXX01_ENA|PLXX01000050|PLXX01000050.1_2	Root; qNor_Mixed
Bog.Unlabelled.R2.T3.F3.trimmomatic.megahit_bin.128_74.70_1.00_k141_1008857_3	Root; cNor_Alphaproteobacteria
Bog.Unlabelled.R2.T3.F3.trimmomatic.metaspades_bin.123_84.02_0.50_NODE_32666_length_4718_cov_3.814068_6	Root; cNor_Alphaproteobacteria
Fen.Unlabelled.R4.T3.F4.trimmomatic.megahit_bin.9_75.29_9.71_k141_380633_1	Root; qNor_Mixed
20150700_P24_12_c_000000006368_4	Root; qNor_Mixed
20150700_S34_2_c_000000005266_1	Root; qNor_Mixed
20111000_P3M_27_c_000000010065_2	Root; qNor_Mixed
20150700_P24_12_c_000000006399_1	Root; qNor_Mixed
PMZL01_ENA|PMZL01000049|PMZL01000049.1_6	Root; qNor_Mixed
PLDM01_ENA|PLDM01000296|PLDM01000296.1_7	Root; qNor_Mixed
20140700_S16_2_c_000000006799_41	Root; qNor_Mixed
20130700_C1X_14_c_000000002178_1	Root; qNor_Mixed
Fen.Unlabelled.R2.T3.F1.JGI.BFC.metaspades_bin.57_85.17_9.86_scaffold_7663_c1_3	Root; qNor_Mixed_2
Bog.Unlabelled.R3.T3.F2.trimmomatic.metaspades_bin.119_94.24_0.00_NODE_11895_length_10260_cov_5.644978_12	Root; cNor_Alphaproteobacteria
20120800_E1D_25_c_000000000678_2	Root; qNor_Mixed_2
20120700_S1D_25_c_000000010936_14	Root; qNor_Mixed
3300037169_7_Ga0395637_005154_3	Root; qNor_Mixed
3300037562_7_Ga0310760_003755_15	Root; qNor_Mixed
PLUC01_ENA|PLUC01000252|PLUC01000252.1_14	Root; qNor_Mixed
PMOA01_ENA|PMOA01000151|PMOA01000151.1_37	Root; qNor_Mixed
20120800_E3S_6_c_000000003804_1	Root; qNor_Mixed
20110700_P2D_22_c_000000008706_4	Root; qNor_Mixed_2
PMNC01_ENA|PMNC01000467|PMNC01000467.1_12	Root; qNor_Mixed
3300036903_6_Ga0334856_005453_11	Root; qNor_Mixed
Bog.Unlabelled.R2.T2.F2.trimmomatic.megahit_bin.51_82.47_2.59_k141_1364608_4	Root; qNor_Mixed_2
20120700_S1D_97_c_000000097062_44	Root; qNor_Mixed
PLSV01_ENA|PLSV01000204|PLSV01000204.1_19	Root; qNor_Mixed
20110800_E3D_20_c_000000007723_14	Root; qNor_Mixed
20120700_S1D_83_c_000000036499_13	Root; qNor_Mixed_2
20130700_E1Z_9_c_000000003111_1	Root; qNor_Mixed
20111000_E3M_1_c_000000000311_1	Root; qNor_Mixed
20110800_S3D_28_c_000000004265_11	Root; qNor_Mixed_2
20160700_S14_2_c_000000008029_8	Root; qNor_Mixed
20110800_S2D_7_c_000000003965_15	Root; qNor_Mixed
20110800_S3D_33_c_000000007207_1	Root; qNor_Mixed
20120700_S3X_8_c_000000002669_15	Root; qNor_Mixed
20130700_S1X_21_c_000000006033_15	Root; qNor_Mixed
20140700_S24_5_c_000000004562_13	Root; qNor_Mixed
20140700_S36_16_c_000000000647_1	Root; qNor_Mixed
20140700_S14_15_c_000000000983_38	Root; qNor_Mixed
20120600_E1D_44_c_000000003450_35	Root; qNor_Mixed
20120500_P28_12_c_000000002790_5	Root; qNor_Mixed
PKWK01_ENA|PKWK01000268|PKWK01000268.1_7	Root; qNor_Mixed
PLDD01_ENA|PLDD01000530|PLDD01000530.1_1	Root; qNor_Mixed_2
PMCR01_ENA|PMCR01000406|PMCR01000406.1_4	Root; qNor_Mixed
20110600_S1D_3_c_000000003289_13	Root; qNor_Mixed_2
3300037076_18_Ga0395910_016483_1	Root; qNor_Mixed
Bog.Unlabelled.R2.T3.F2.trimmomatic.megahit_bin.117_89.83_0.50_k141_1041739_13	Root; cNor_Alphaproteobacteria
PMLX01_ENA|PMLX01000190|PMLX01000190.1_6	Root; qNor_Mixed
20150700_S24_19_c_000000006202_17	Root; qNor_Mixed
20110700_P2D_11_c_000000003701_30	Root; qNor_Mixed
Bog.Labelled.R1.T3.F1.trimmomatic.megahit_bin.33_78.52_9.66_k141_728263_1	Root; qNor_Mixed_2
PLMO01_ENA|PLMO01000143|PLMO01000143.1_20	Root; qNor_Mixed_2
20110800_S3D_25_c_000000011403_1	Root; qNor_Mixed_2
PLIK01_ENA|PLIK01000013|PLIK01000013.1_65	Root; qNor_Mixed
20170700_S33_24_c_000000006197_1	Root; qNor_Alphaproteobacteria
20120700_P3D_26_c_000000066165_242	Root; qNor_Mixed
PLZG01_ENA|PLZG01000059|PLZG01000059.1_26	Root; qNor_Mixed
20110600_S1M_17_c_000000008558_3	Root; qNor_Mixed
PKWQ01_ENA|PKWQ01000029|PKWQ01000029.1_12	Root; cNor_Alphaproteobacteria
20120700_P3D_124_c_000000086989_15	Root; cNor_Alphaproteobacteria
20110800_E2S_12_c_000000004347_1	Root; qNor_Mixed_2
PLGW01_ENA|PLGW01000031|PLGW01000031.1_1	Root; qNor_Mixed
PLOG01_ENA|PLOG01000099|PLOG01000099.1_12	Root; qNor_Mixed_2
Bog.Labelled.R2.T2.F3.trimmomatic.megahit_bin.111_82.81_3.51_k141_742950_25	Root; qNor_Mixed
Bog.Labelled.R2.T2.F3.trimmomatic.metaspades_bin.74_80.18_1.75_NODE_530_length_42224_cov_7.612061_12	Root; qNor_Mixed
Bog.Labelled.R2.T3.F3.JGI.BFC.metaspades_bin.43_70.00_0.00_scaffold_27672_c1_2	Root; qNor_Mixed
Bog.Labelled.R2.T3.F3.trimmomatic.megahit_bin.129_89.53_3.25_k141_899252_11	Root; qNor_Mixed
Bog.Labelled.R2.T3.F3.trimmomatic.metaspades_bin.109_85.58_3.07_NODE_7130_length_14157_cov_8.536449_3	Root; qNor_Mixed
Bog.Labelled.R3.T1.F3.trimmomatic.megahit_bin.39_89.21_3.95_k141_1203007_9	Root; qNor_Mixed
Bog.Labelled.R3.T1.F3.trimmomatic.metaspades_bin.85_84.03_2.63_NODE_315_length_53907_cov_7.938572_25	Root; qNor_Mixed
Bog.Labelled.R3.T2.F3.trimmomatic.megahit_bin.88_89.61_2.88_k141_1704127_28	Root; qNor_Mixed
Bog.None.R2.T0.trimmomatic.megahit_bin.46_93.64_3.95_k141_904053_7	Root; qNor_Mixed
Bog.Unlabelled.R3.T2.F3.trimmomatic.megahit_bin.55_74.56_3.51_k141_1700681_13	Root; qNor_Mixed
Bog.Unlabelled.R3.T3.F3.JGI.BFC.metaspades_bin.128_77.19_1.75_scaffold_3854_c1_10	Root; qNor_Mixed
Bog.Unlabelled.R3.T3.F3.trimmomatic.megahit_bin.119_82.46_3.51_k141_1325800_43	Root; qNor_Mixed
Bog.Unlabelled.R3.T3.F3.trimmomatic.metaspades_bin.54_74.56_3.51_NODE_1515_length_40249_cov_9.777156_6	Root; qNor_Mixed
PMER01_ENA|PMER01000161|PMER01000161.1_19	Root; qNor_Mixed
20170700_S24_20_c_000000005700_3	Root; qNor_Mixed_2
PMZM01_ENA|PMZM01000161|PMZM01000161.1_37	Root; qNor_Mixed_2
PLDQ01_ENA|PLDQ01000267|PLDQ01000267.1_9	Root; qNor_Mixed_2
20150700_S25_7_c_000000003657_15	Root; qNor_Mixed
20110600_S2D_17_c_000000004961_7	Root; qNor_Mixed
20140700_S15_7_c_000000006342_13	Root; qNor_Mixed
PLLG01_ENA|PLLG01000025|PLLG01000025.1_25	Root; qNor_Mixed
PMYL01_ENA|PMYL01000049|PMYL01000049.1_10	Root; qNor_Mixed
PMZE01_ENA|PMZE01000091|PMZE01000091.1_82	Root; qNor_Mixed
Palsa.Unlabelled.R1.T2.F2.trimmomatic.metaspades_bin.66_93.62_3.24_NODE_49223_length_2769_cov_4.327929_2	Root; qNor_Mixed
20120500_P26_12_c_000000000150_14	Root; qNor_Mixed
20120500_P34_4_c_000000000587_58	Root; qNor_Mixed
20120700_P3D_118_c_000000081003_41	Root; qNor_Mixed
PKXD01_ENA|PKXD01000085|PKXD01000085.1_8	Root; qNor_Mixed
PLZI01_ENA|PLZI01000082|PLZI01000082.1_1	Root; qNor_Mixed
20120500_P13_5_c_000000003430_3	Root; qNor_Mixed
20120700_P1D_1_c_000000001745_3	Root; qNor_Mixed
20120700_P3D_113_c_000000071111_2	Root; qNor_Mixed_2
20111000_P3M_44_c_000000005826_19	Root; qNor_Mixed_2
20120500_P26_6_c_000000000318_20	Root; cNor_Verrucomicrobiota
PLDR01_ENA|PLDR01000105|PLDR01000105.1_6	Root; cNor_Verrucomicrobiota
PLZK01_ENA|PLZK01000009|PLZK01000009.1_6	Root; cNor_Verrucomicrobiota
PMTA01_ENA|PMTA01000067|PMTA01000067.1_27	Root; cNor_Verrucomicrobiota
3300030519_13_Ga0302193_10013394_1	Root; cNor_Alphaproteobacteria
Bog.Labelled.R3.T2.F3.JGI.BFC.metaspades_bin.105_82.76_0.00_scaffold_14227_c1_1	Root; cNor_Alphaproteobacteria
PLVP01_ENA|PLVP01000124|PLVP01000124.1_1	Root; qNor_Mixed
20110800_E1D_10_c_000000000775_1	Root; qNor_Mixed_2
Bog.Unlabelled.R3.T1.F2.trimmomatic.metaspades_bin.116_95.32_3.68_NODE_48010_length_3298_cov_4.565834_3	Root; qNor_Mixed
20120700_P3D_114_c_000000104380_7	Root; qNor_Alphaproteobacteria
PLXO01_ENA|PLXO01000318|PLXO01000318.1_7	Root; qNor_Alphaproteobacteria
PMTH01_ENA|PMTH01000256|PMTH01000256.1_3	Root; qNor_Alphaproteobacteria
Palsa.None.R2.T0.JGI.BFC.metaspades_bin.81_91.61_3.75_scaffold_6562_c1_22	Root; qNor_Mixed
3300028069_1_Ga0255358_1000283_6	Root; qNor_Mixed
20170700_S25_38_c_000000008921_11	Root; qNor_Mixed
PMCU01_ENA|PMCU01000086|PMCU01000086.1_4	Root; qNor_Mixed
20110600_S1M_10_c_000000008985_3	Root; cNor_Bacteroidota
PLZI01_ENA|PLZI01000007|PLZI01000007.1_1	Root; qNor_Mixed
20110800_E3D_20_c_000000007652_1	Root; qNor_Mixed
20110700_S2M_5_c_000000003056_1	Root; qNor_Mixed_2
20170700_E14_11_c_000000002392_7	Root; qNor_Mixed_2
20170700_S34_41_c_000000005899_10	Root; qNor_Mixed_2
Bog.Labelled.R1.T3.F2.trimmomatic.metaspades_bin.121_88.58_5.60_NODE_17726_length_5524_cov_3.751326_4	Root; qNor_Mixed_2
PLNB01_ENA|PLNB01000357|PLNB01000357.1_9	Root; qNor_Mixed
Bog.Labelled.R3.T2.F3.trimmomatic.metaspades_bin.29_83.70_7.81_NODE_42400_length_4042_cov_5.593178_1	Root; qNor_Mixed_2
20120700_P3D_129_c_000000021265_26	Root; qNor_Mixed
3300037222_4_Ga0395691_000314_28	Root; qNor_Mixed
PLZS01_ENA|PLZS01000123|PLZS01000123.1_12	Root; qNor_Mixed
PMQH01_ENA|PMQH01000040|PMQH01000040.1_46	Root; qNor_Mixed
Bog.Unlabelled.R2.T2.F2.trimmomatic.metaspades_bin.48_91.24_2.99_NODE_37193_length_4259_cov_5.192198_1	Root; qNor_Mixed_2
20120500_P19_13_c_000000000401_4	Root; qNor_Mixed
20120700_P3D_93_c_000000046274_78	Root; qNor_Mixed_2
PLXP01_ENA|PLXP01000127|PLXP01000127.1_40	Root; qNor_Mixed_2
Bog.Labelled.R1.T2.F3.JGI.BFC.metaspades_bin.69_93.31_2.40_scaffold_46344_c1_1	Root; cNor_Alphaproteobacteria
PLEE01_ENA|PLEE01000339|PLEE01000339.1_2	Root; qNor_Mixed
PKWL01_ENA|PKWL01000037|PKWL01000037.1_1	Root; qNor_Mixed_2
Fen.Labelled.R1.T2.F4.trimmomatic.metaspades_bin.29_70.18_0.00_NODE_1781_length_8222_cov_5.912208_2	Root; cNor_Gammaproteobacteria
Fen.Labelled.R2.T2.F4.trimmomatic.metaspades_bin.4_88.56_1.60_NODE_822_length_14266_cov_4.827950_13	Root; cNor_Gammaproteobacteria
Fen.Labelled.R3.T2.F4.trimmomatic.megahit_bin.53_71.03_2.00_k141_259008_9	Root; cNor_Gammaproteobacteria
Fen.Unlabelled.R1.T2.F3.trimmomatic.metaspades_bin.20_70.17_0.00_NODE_2234_length_6948_cov_9.348615_2	Root; cNor_Gammaproteobacteria
20120700_P3D_34_c_000000070717_40	Root; qNor_Mixed
Bog.Labelled.R2.T3.F3.trimmomatic.metaspades_bin.62_87.26_1.05_NODE_60105_length_3246_cov_4.948292_1	Root; qNor_Mixed
20120700_S1D_74_c_000000032753_2	Root; qNor_Mixed_2
Fen.Unlabelled.R3.T3.F1.trimmomatic.metaspades_bin.47_85.60_2.42_NODE_2586_length_15232_cov_7.281281_9	Root; qNor_Mixed_2
20120500_P26_6_c_000000000180_8	Root; qNor_Mixed
20120700_P3D_3_c_000000087585_28	Root; qNor_Mixed
20120800_E2X_4_c_000000004889_3	Root; qNor_Mixed
20111000_P1D_11_c_000000002409_8	Root; qNor_Mixed
PLUG01_ENA|PLUG01000093|PLUG01000093.1_5	Root; cNor_Bacteroidota
PLCS01_ENA|PLCS01000001|PLCS01000001.1_102	Root; qNor_Mixed
Bog.Labelled.R1.T3.F2.trimmomatic.megahit_bin.19_79.84_5.70_k141_339945_3	Root; qNor_Mixed_2
Bog.Labelled.R1.T3.F2.trimmomatic.metaspades_bin.43_85.90_7.50_NODE_28486_length_3974_cov_4.675172_4	Root; qNor_Mixed_2
20110600_S1M_13_c_000000003090_30	Root; qNor_Alphaproteobacteria
20110700_S3M_22_c_000000007615_3	Root; qNor_Alphaproteobacteria
20111000_S3D_2_c_000000003454_7	Root; qNor_Alphaproteobacteria
20120600_S1D_15_c_000000001945_7	Root; qNor_Alphaproteobacteria
20120700_S1D_22_c_000000072190_30	Root; qNor_Alphaproteobacteria
20120800_S1M_9_c_000000003287_95	Root; qNor_Alphaproteobacteria
20140700_S13_9_c_000000002318_98	Root; qNor_Alphaproteobacteria
20140700_S22_20_c_000000005561_98	Root; qNor_Alphaproteobacteria
20150700_S13_9_c_000000000261_27	Root; qNor_Alphaproteobacteria
20160700_S34_8_c_000000005813_68	Root; qNor_Alphaproteobacteria
20170700_S33_39_c_000000002431_86	Root; qNor_Alphaproteobacteria
PKZW01_ENA|PKZW01000363|PKZW01000363.1_11	Root; qNor_Alphaproteobacteria
PLAH01_ENA|PLAH01000127|PLAH01000127.1_32	Root; qNor_Alphaproteobacteria
PLRY01_ENA|PLRY01000014|PLRY01000014.1_28	Root; qNor_Alphaproteobacteria
PLWO01_ENA|PLWO01000040|PLWO01000040.1_6	Root; qNor_Alphaproteobacteria
PMPV01_ENA|PMPV01000105|PMPV01000105.1_11	Root; qNor_Alphaproteobacteria
20120700_P3D_37_c_000000044955_7	Root; qNor_Mixed
20130700_C2X_5_c_000000003523_27	Root; qNor_Mixed_2
Bog.Unlabelled.R1.T3.F3.trimmomatic.metaspades_bin.28_92.87_3.97_NODE_2406_length_10028_cov_9.114008_1	Root; cNor_Alphaproteobacteria
20160700_E13_8_c_000000000148_1	Root; qNor_Mixed
Bog.Labelled.R3.T2.F2.trimmomatic.megahit_bin.96_79.04_3.61_k141_320176_1	Root; qNor_Mixed
Bog.Labelled.R2.T3.F3.JGI.BFC.metaspades_bin.43_70.00_0.00_scaffold_28138_c1_4	Root; qNor_Mixed
Bog.None.R2.T0.trimmomatic.megahit_bin.46_93.64_3.95_k141_904053_6	Root; qNor_Mixed
20120500_P17_5_c_000000000034_221	Root; qNor_Mixed
20120800_E1X_5_c_000000002946_27	Root; qNor_Mixed
PKYR01_ENA|PKYR01000050|PKYR01000050.1_12	Root; qNor_Mixed
PLNP01_ENA|PLNP01000057|PLNP01000057.1_29	Root; qNor_Mixed
PMLT01_ENA|PMLT01000156|PMLT01000156.1_3	Root; qNor_Mixed
Palsa.Unlabelled.R3.T2.F2.trimmomatic.metaspades_bin.29_95.00_3.12_NODE_15673_length_4975_cov_7.091463_5	Root; qNor_Mixed
20130700_S2S_15_c_000000008421_1	Root; qNor_Mixed_2
PKXM01_ENA|PKXM01000821|PKXM01000821.1_12	Root; qNor_Mixed_2
PMYE01_ENA|PMYE01000101|PMYE01000101.1_10	Root; qNor_Mixed
Bog.Labelled.R1.T2.F3.trimmomatic.metaspades_bin.88_93.60_1.85_NODE_7851_length_11137_cov_5.912200_1	Root; cNor_Alphaproteobacteria
PMME01_ENA|PMME01000420|PMME01000420.1_2	Root; qNor_Mixed
PMWH01_ENA|PMWH01000420|PMWH01000420.1_11	Root; qNor_Mixed
PMIC01_ENA|PMIC01000295|PMIC01000295.1_5	Root; qNor_Mixed
20130700_S1Z_15_c_000000003767_7	Root; qNor_Mixed
PLDD01_ENA|PLDD01000510|PLDD01000510.1_1	Root; qNor_Mixed_2
20140700_S36_9_c_000000006180_1	Root; qNor_Mixed
20120800_E2M_2_c_000000001169_1	Root; qNor_Mixed_2
Bog.Labelled.R1.T3.F1.trimmomatic.megahit_bin.33_78.52_9.66_k141_722495_15	Root; qNor_Mixed_2
Bog.Unlabelled.R2.T2.F3.trimmomatic.megahit_bin.30_70.20_9.91_k141_354194_13	Root; qNor_Mixed_2
20110800_E2D_22_c_000000006655_14	Root; qNor_Mixed
20110800_E3D_7_c_000000003222_14	Root; qNor_Mixed
PMYH01_ENA|PMYH01000095|PMYH01000095.1_48	Root; qNor_Mixed
20111000_S2D_7_c_000000005118_1	Root; qNor_Alphaproteobacteria
PMZK01_ENA|PMZK01000241|PMZK01000241.1_28	Root; qNor_Mixed
20130700_E2Y_8_c_000000001280_6	Root; qNor_Mixed
Bog.Labelled.R3.T2.F3.trimmomatic.metaspades_bin.29_83.70_7.81_NODE_6532_length_13373_cov_5.531686_1	Root; qNor_Mixed_2
PMUJ01_ENA|PMUJ01000346|PMUJ01000346.1_8	Root; qNor_Mixed_2
20110800_E2D_10_c_000000000829_60	Root; qNor_Mixed_2
20120500_P38_6_c_000000000096_60	Root; qNor_Mixed_2
20120500_P39_8_c_000000001486_86	Root; qNor_Mixed_2
20120800_E2X_8_c_000000006279_41	Root; qNor_Mixed_2
20120800_E3S_19_c_000000000440_41	Root; qNor_Mixed_2
20130700_E1Z_7_c_000000003838_66	Root; qNor_Mixed_2
PKUV01_ENA|PKUV01000120|PKUV01000120.1_66	Root; qNor_Mixed_2
20120800_E2D_19_c_000000004672_23	Root; qNor_Mixed_2
20120800_E3D_4_c_000000000142_11	Root; qNor_Mixed_2
PLML01_ENA|PLML01000094|PLML01000094.1_24	Root; qNor_Mixed_2
PLNJ01_ENA|PLNJ01000261|PLNJ01000261.1_23	Root; qNor_Mixed_2
PKWK01_ENA|PKWK01000161|PKWK01000161.1_29	Root; qNor_Mixed_2
20120800_E3X_28_c_000000005574_6	Root; qNor_Mixed_2
20120500_P26_7_c_000000002452_7	Root; qNor_Mixed_2
PLEE01_ENA|PLEE01000108|PLEE01000108.1_6	Root; qNor_Mixed_2
PLXP01_ENA|PLXP01000179|PLXP01000179.1_3	Root; qNor_Mixed_2
PMCU01_ENA|PMCU01000086|PMCU01000086.1_2	Root; qNor_Mixed
20120700_P3D_62_c_000000087036_2	Root; qNor_Mixed
Bog.Unlabelled.R2.T1.F3.trimmomatic.megahit_bin.127_94.74_1.32_k141_1219032_4	Root; qNor_Mixed
Bog.Unlabelled.R2.T1.F3.trimmomatic.metaspades_bin.9_95.22_1.01_NODE_43496_length_3595_cov_5.679379_1	Root; qNor_Mixed
Bog.Labelled.R2.T3.F3.trimmomatic.megahit_bin.84_79.84_6.03_k141_666886_4	Root; qNor_Mixed
20130700_E3Z_17_c_000000001273_6	Root; qNor_Mixed
20120500_P28_10_c_000000001038_1	Root; qNor_Mixed
PKWO01_ENA|PKWO01000531|PKWO01000531.1_11	Root; qNor_Mixed
PKXI01_ENA|PKXI01000017|PKXI01000017.1_14	Root; qNor_Mixed_2
PLSJ01_ENA|PLSJ01000302|PLSJ01000302.1_3	Root; qNor_Mixed
20160700_P15_10_c_000000000705_3	Root; qNor_Mixed
Palsa.None.R2.T0.JGI.BFC.metaspades_bin.319_82.00_3.81_scaffold_115959_c1_5	Root; qNor_Mixed
PKWK01_ENA|PKWK01000411|PKWK01000411.1_5	Root; qNor_Mixed_2
20110700_S1D_14_c_000000003918_1	Root; qNor_Mixed
PMBS01_ENA|PMBS01000146|PMBS01000146.1_9	Root; qNor_Mixed
Bog.Unlabelled.R2.T3.F3.trimmomatic.metaspades_bin.99_94.15_5.19_NODE_7416_length_13507_cov_5.453092_4	Root; qNor_Mixed_2
20110700_S2M_11_c_000000004821_11	Root; qNor_Mixed
20110700_S3M_28_c_000000006145_87	Root; qNor_Mixed
20110800_S3M_16_c_000000000460_5	Root; qNor_Mixed
20111000_S2D_5_c_000000001325_12	Root; qNor_Mixed
20120600_S3D_3_c_000000002503_92	Root; qNor_Mixed
20120700_S3D_5_c_000000003153_92	Root; qNor_Mixed
20120700_S3X_1_c_000000005169_11	Root; qNor_Mixed
20120800_S3X_4_c_000000002348_11	Root; qNor_Mixed
20130700_S1X_2_c_000000000255_12	Root; qNor_Mixed
20130700_S3Y_1_c_000000002689_9	Root; qNor_Mixed
20130700_S3Z_14_c_000000004756_51	Root; qNor_Mixed
20140700_S35_13_c_000000000008_7	Root; qNor_Mixed
20150700_S14_9_c_000000005386_7	Root; qNor_Mixed
20150700_S33_3_c_000000005099_12	Root; qNor_Mixed
20160700_S15_18_c_000000000551_11	Root; qNor_Mixed
20160700_S33_5_c_000000000203_67	Root; qNor_Mixed
20170700_S33_11_c_000000006705_5	Root; qNor_Mixed
Bog.Labelled.R1.T1.F1.JGI.BFC.metaspades_bin.136_99.12_0.00_scaffold_10871_c1_5	Root; qNor_Mixed
Bog.Labelled.R2.T2.F2.JGI.BFC.metaspades_bin.11_79.21_1.80_scaffold_12008_c2_3	Root; qNor_Mixed
Bog.Labelled.R2.T2.F2.trimmomatic.megahit_bin.90_93.96_1.85_k141_798914_3	Root; qNor_Mixed
Bog.Labelled.R2.T2.F2.trimmomatic.metaspades_bin.48_96.83_4.74_NODE_2512_length_18952_cov_5.469969_14	Root; qNor_Mixed
Bog.Labelled.R3.T1.F2.trimmomatic.megahit_bin.64_91.86_2.63_k141_1161105_5	Root; qNor_Mixed
Bog.Labelled.R3.T1.F2.trimmomatic.metaspades_bin.30_96.64_1.75_NODE_2946_length_11343_cov_4.451807_6	Root; qNor_Mixed
Bog.Labelled.R3.T2.F2.trimmomatic.metaspades_bin.126_90.79_2.29_NODE_8700_length_8769_cov_5.327175_3	Root; qNor_Mixed
Bog.Labelled.R3.T2.F3.trimmomatic.megahit_bin.57_92.84_0.00_k141_1075219_2	Root; qNor_Mixed
Bog.Labelled.R3.T2.F3.trimmomatic.metaspades_bin.179_96.93_0.88_NODE_42798_length_4017_cov_4.252650_2	Root; qNor_Mixed
Bog.None.R1.T0.trimmomatic.megahit_bin.315_100.00_0.93_k141_1920194_27	Root; qNor_Mixed
Bog.None.R2.T0.JGI.BFC.metaspades_bin.84_100.00_0.00_scaffold_163_c1_11	Root; qNor_Mixed
Bog.None.R2.T0.trimmomatic.megahit_bin.152_100.00_0.00_k141_1090713_27	Root; qNor_Mixed
Bog.None.R3.T0.JGI.BFC.metaspades_bin.337_100.00_0.00_scaffold_179_c1_92	Root; qNor_Mixed
Bog.None.R3.T0.trimmomatic.megahit_bin.351_100.00_0.00_k141_3504033_27	Root; qNor_Mixed
Bog.Unlabelled.R1.T2.F2.trimmomatic.megahit_bin.109_97.70_0.95_k141_324092_1	Root; qNor_Mixed
Bog.Unlabelled.R1.T2.F2.trimmomatic.metaspades_bin.66_97.51_2.46_NODE_12605_length_7583_cov_5.970776_5	Root; qNor_Mixed
Bog.Unlabelled.R1.T2.F3.trimmomatic.megahit_bin.85_90.55_0.00_k141_393683_4	Root; qNor_Mixed
Bog.Unlabelled.R1.T2.F3.trimmomatic.metaspades_bin.51_94.54_0.00_NODE_13096_length_9136_cov_4.226076_4	Root; qNor_Mixed
Bog.Unlabelled.R2.T1.F2.trimmomatic.megahit_bin.113_89.01_3.68_k141_393712_7	Root; qNor_Mixed
Bog.Unlabelled.R2.T2.F2.trimmomatic.megahit_bin.68_84.96_3.95_k141_1037491_6	Root; qNor_Mixed
Bog.Unlabelled.R2.T2.F2.trimmomatic.metaspades_bin.63_100.00_1.75_NODE_4829_length_16610_cov_5.935911_13	Root; qNor_Mixed
Bog.Unlabelled.R3.T1.F3.JGI.BFC.metaspades_bin.91_97.17_0.00_scaffold_2060_c1_3	Root; qNor_Mixed
Bog.Unlabelled.R3.T1.F3.trimmomatic.megahit_bin.12_98.54_0.88_k141_937622_28	Root; qNor_Mixed
Bog.Unlabelled.R3.T1.F3.trimmomatic.metaspades_bin.197_99.12_1.75_NODE_1685_length_34727_cov_8.119837_26	Root; qNor_Mixed
Bog.Unlabelled.R3.T2.F3.trimmomatic.megahit_bin.49_96.93_1.81_k141_1669867_11	Root; qNor_Mixed
Bog.Unlabelled.R3.T2.F3.trimmomatic.metaspades_bin.67_97.22_1.85_NODE_1905_length_30819_cov_5.660870_4	Root; qNor_Mixed
PLOR01_ENA|PLOR01000106|PLOR01000106.1_92	Root; qNor_Mixed
PLPJ01_ENA|PLPJ01000122|PLPJ01000122.1_5	Root; qNor_Mixed
PMUZ01_ENA|PMUZ01000139|PMUZ01000139.1_92	Root; qNor_Mixed
20140700_S11_11_c_000000002513_24	Root; qNor_Mixed_2
20130700_E3D_1_c_000000001708_1	Root; qNor_Mixed
20120700_P3D_134_c_000000060126_43	Root; qNor_Mixed_2
20120700_E2D_7_c_000000005270_23	Root; qNor_Mixed
20130700_E3Y_14_c_000000001325_15	Root; qNor_Mixed
PLFY01_ENA|PLFY01000226|PLFY01000226.1_1	Root; qNor_Mixed
PLZY01_ENA|PLZY01000342|PLZY01000342.1_12	Root; qNor_Mixed
3300030519_13_Ga0302193_10013713_1	Root; cNor_Alphaproteobacteria
Bog.Labelled.R3.T2.F3.JGI.BFC.metaspades_bin.105_82.76_0.00_scaffold_14581_c1_1	Root; cNor_Alphaproteobacteria
3300037334_6_Ga0310750_0003822_5	Root; qNor_Mixed
20120500_P13_5_c_000000003430_2	Root; qNor_Mixed
20130700_E3Z_12_c_000000003478_14	Root; qNor_Mixed
3300036886_10_Ga0334826_000001_393	Root; qNor_Mixed
3300037141_6_Ga0395915_0004165_8	Root; qNor_Mixed
20110700_E2D_9_c_000000003670_1	Root; qNor_Mixed
20111000_E2D_3_c_000000000626_1	Root; qNor_Mixed
20130700_E1M_4_c_000000000566_2	Root; qNor_Mixed
20130700_E1S_4_c_000000002309_3	Root; qNor_Mixed
20140700_E24_4_c_000000002369_1	Root; qNor_Mixed
PMPL01_ENA|PMPL01000272|PMPL01000272.1_1	Root; qNor_Mixed
20110700_S3M_2_c_000000005671_14	Root; qNor_Mixed_2
20120600_S1D_7_c_000000003534_13	Root; qNor_Mixed_2
20120700_S3X_9_c_000000004257_2	Root; qNor_Mixed_2
20120800_S2D_6_c_000000001656_35	Root; qNor_Mixed_2
20120800_S2M_7_c_000000001618_35	Root; qNor_Mixed_2
20170700_S23_2_c_000000003287_18	Root; qNor_Mixed_2
20170700_S24_17_c_000000002604_4	Root; qNor_Mixed_2
20170700_S25_12_c_000000010675_18	Root; qNor_Mixed_2
PLFR01_ENA|PLFR01000095|PLFR01000095.1_18	Root; qNor_Mixed_2
PLPA01_ENA|PLPA01000101|PLPA01000101.1_12	Root; qNor_Mixed_2
PLPV01_ENA|PLPV01000184|PLPV01000184.1_13	Root; qNor_Mixed_2
PLVV01_ENA|PLVV01000126|PLVV01000126.1_15	Root; qNor_Mixed_2
PLWC01_ENA|PLWC01000126|PLWC01000126.1_19	Root; qNor_Mixed_2
PMHF01_ENA|PMHF01000049|PMHF01000049.1_7	Root; qNor_Mixed_2
PMPC01_ENA|PMPC01000297|PMPC01000297.1_3	Root; qNor_Mixed_2
20130700_S1Z_6_c_000000003587_30	Root; qNor_Mixed_2
Bog.None.R3.T0.trimmomatic.megahit_bin.375_80.00_1.75_k141_3503133_1	Root; qNor_Mixed
20130700_C1X_13_c_000000001863_2	Root; qNor_Mixed_2
20120700_P3D_80_c_000000027529_5	Root; qNor_Mixed
Fen.Unlabelled.R1.T2.F2.trimmomatic.metaspades_bin.7_84.67_0.88_NODE_5147_length_5633_cov_4.457512_3	Root; cNor_Gammaproteobacteria
20110600_S3M_2_c_000000004973_2	Root; qNor_Mixed
PMNF01_ENA|PMNF01000335|PMNF01000335.1_9	Root; qNor_Mixed
PLVK01_ENA|PLVK01000057|PLVK01000057.1_1	Root; qNor_Mixed
PLGR01_ENA|PLGR01000026|PLGR01000026.1_1	Root; qNor_Mixed
Palsa.Unlabelled.R2.T2.F2.JGI.BFC.metaspades_bin.37_86.92_3.12_scaffold_18793_c1_4	Root; qNor_Mixed
PKXP01_ENA|PKXP01000492|PKXP01000492.1_1	Root; qNor_Mixed_2
20110800_E3D_15_c_000000000839_1	Root; qNor_Mixed_2
Bog.None.R2.T0.JGI.BFC.metaspades_bin.285_73.52_1.52_scaffold_149460_c1_1	Root; cNor_Alphaproteobacteria
20100900_E3D_10_c_000000002898_2	Root; qNor_Mixed
20110800_E1M_3_c_000000001774_2	Root; qNor_Mixed
20120600_E1D_31_c_000000003017_12	Root; qNor_Mixed
20120600_E2D_26_c_000000022498_18	Root; qNor_Mixed
20120600_E3D_4_c_000000011715_12	Root; qNor_Mixed
20120700_E2D_13_c_000000003213_3	Root; qNor_Mixed
3300024238_2_Ga0224523_1001753_3	Root; qNor_Mixed
Bog.Unlabelled.R3.T1.F1.trimmomatic.metaspades_bin.70_80.04_0.43_NODE_13630_length_6014_cov_4.404262_4	Root; qNor_Mixed
PMFP01_ENA|PMFP01000026|PMFP01000026.1_7	Root; cNor_Bacteroidota
PLEM01_ENA|PLEM01000118|PLEM01000118.1_3	Root; qNor_Mixed
20110700_S1D_8_c_000000001225_1	Root; qNor_Mixed
PLGM01_ENA|PLGM01000193|PLGM01000193.1_19	Root; qNor_Mixed
PNBK01_ENA|PNBK01000498|PNBK01000498.1_1	Root; qNor_Mixed
PMTR01_ENA|PMTR01000081|PMTR01000081.1_49	Root; qNor_Mixed
20120500_P28_12_c_000000002675_38	Root; qNor_Mixed_2
20170700_S25_20_c_000000005843_15	Root; qNor_Mixed
3300036903_6_Ga0334856_011504_1	Root; qNor_Mixed
PMPD01_ENA|PMPD01000290|PMPD01000290.1_7	Root; qNor_Mixed
20120800_E3X_24_c_000000000605_54	Root; qNor_Mixed_2
PLLH01_ENA|PLLH01000022|PLLH01000022.1_16	Root; qNor_Mixed_2
PLQF01_ENA|PLQF01000010|PLQF01000010.1_24	Root; qNor_Mixed
20140700_S16_8_c_000000004307_1	Root; qNor_Mixed
20120700_S1D_20_c_000000074349_10	Root; qNor_Alphaproteobacteria
PLTD01_ENA|PLTD01000112|PLTD01000112.1_7	Root; qNor_Alphaproteobacteria
20150700_S34_12_c_000000002004_3	Root; qNor_Mixed
PMKG01_ENA|PMKG01000223|PMKG01000223.1_7	Root; qNor_Mixed
20110700_S3M_21_c_000000009721_1	Root; qNor_Mixed
Palsa.Labelled.R3.T2.F3.trimmomatic.metaspades_bin.117_82.97_1.62_NODE_27872_length_3649_cov_4.607958_1	Root; qNor_Mixed
20120800_E2D_7_c_000000006195_4	Root; qNor_Mixed
20130700_E1Y_1_c_000000003689_13	Root; qNor_Mixed_2
PLYN01_ENA|PLYN01000006|PLYN01000006.1_22	Root; qNor_Mixed_2
PLFQ01_ENA|PLFQ01000330|PLFQ01000330.1_13	Root; qNor_Mixed
20110800_E2D_3_c_000000007351_12	Root; qNor_Mixed
PMYD01_ENA|PMYD01000054|PMYD01000054.1_12	Root; qNor_Mixed
PKWK01_ENA|PKWK01000174|PKWK01000174.1_1	Root; qNor_Mixed_2
20120700_P3D_142_c_000000082333_16	Root; qNor_Mixed
20110600_S2M_2_c_000000001240_16	Root; qNor_Mixed_2
20120600_S3M_4_c_000000002695_2	Root; qNor_Mixed_2
20120800_E1D_14_c_000000004662_45	Root; qNor_Mixed_2
20140700_E14_12_c_000000003424_2	Root; qNor_Mixed_2
20140700_E15_13_c_000000000109_2	Root; qNor_Mixed_2
PMXM01_ENA|PMXM01000122|PMXM01000122.1_2	Root; qNor_Mixed_2
20120700_E1D_6_c_000000002460_12	Root; qNor_Mixed_2
PMHD01_ENA|PMHD01000103|PMHD01000103.1_14	Root; qNor_Alphaproteobacteria
Bog.Unlabelled.R1.T1.F1.trimmomatic.megahit_bin.31_98.89_1.92_k141_1582714_49	Root; cNor_Gammaproteobacteria
Bog.Unlabelled.R3.T1.F1.trimmomatic.metaspades_bin.80_97.70_1.47_NODE_49_length_118113_cov_27.733021_48	Root; cNor_Gammaproteobacteria
Bog.Unlabelled.R3.T2.F1.trimmomatic.metaspades_bin.132_85.26_1.13_NODE_11996_length_8683_cov_4.546592_8	Root; cNor_Gammaproteobacteria
20120500_P32_2_c_000000001147_3	Root; qNor_Mixed
PKWE01_ENA|PKWE01000020|PKWE01000020.1_3	Root; qNor_Mixed
20140700_E15_17_c_000000002859_10	Root; qNor_Mixed_2
Bog.None.R3.T0.trimmomatic.megahit_bin.375_80.00_1.75_k141_1094627_1	Root; qNor_Mixed
Bog.Labelled.R1.T1.F1.JGI.BFC.metaspades_bin.199_92.95_6.32_scaffold_3985_c1_3	Root; qNor_Mixed_2
Bog.Labelled.R1.T3.F3.JGI.BFC.metaspades_bin.28_75.36_2.56_scaffold_10715_c1_3	Root; qNor_Mixed_2
Bog.Labelled.R1.T3.F3.trimmomatic.megahit_bin.23_92.34_7.26_k141_456298_3	Root; qNor_Mixed_2
Bog.Labelled.R1.T3.F3.trimmomatic.metaspades_bin.94_94.99_5.66_NODE_4316_length_19264_cov_6.181894_3	Root; qNor_Mixed_2
Bog.Labelled.R2.T3.F3.JGI.BFC.metaspades_bin.71_98.91_3.57_scaffold_2725_c1_3	Root; qNor_Mixed_2
Bog.Labelled.R2.T3.F3.trimmomatic.megahit_bin.126_96.49_2.19_k141_2031012_3	Root; qNor_Mixed_2
Bog.Labelled.R2.T3.F3.trimmomatic.metaspades_bin.75_93.42_3.95_NODE_5016_length_17530_cov_11.380773_3	Root; qNor_Mixed_2
Bog.None.R1.T0.trimmomatic.megahit_bin.271_96.49_3.51_k141_103750_3	Root; qNor_Mixed_2
Bog.None.R2.T0.JGI.BFC.metaspades_bin.170_89.69_5.31_scaffold_33577_c1_3	Root; qNor_Mixed_2
Bog.None.R2.T0.trimmomatic.megahit_bin.10_94.66_6.30_k141_3119522_3	Root; qNor_Mixed_2
Bog.None.R3.T0.JGI.BFC.metaspades_bin.346_98.25_4.87_scaffold_58218_c1_2	Root; qNor_Mixed_2
Bog.None.R3.T0.trimmomatic.megahit_bin.257_95.91_3.61_k141_5496532_3	Root; qNor_Mixed_2
Bog.Unlabelled.R2.T2.F2.trimmomatic.megahit_bin.59_76.28_2.20_k141_1203515_3	Root; qNor_Mixed_2
Bog.Unlabelled.R2.T3.F2.JGI.BFC.metaspades_bin.96_82.90_4.50_scaffold_5730_c1_3	Root; qNor_Mixed_2
Bog.Unlabelled.R2.T3.F2.trimmomatic.megahit_bin.44_95.30_4.56_k141_552931_3	Root; qNor_Mixed_2
Bog.Unlabelled.R2.T3.F2.trimmomatic.metaspades_bin.95_95.65_2.85_NODE_1208_length_40835_cov_6.455763_33	Root; qNor_Mixed_2
Bog.Unlabelled.R3.T1.F3.trimmomatic.megahit_bin.186_86.22_6.84_k141_1988094_3	Root; qNor_Mixed_2
Bog.Unlabelled.R3.T1.F3.trimmomatic.metaspades_bin.49_84.12_6.55_NODE_5637_length_17148_cov_7.592757_2	Root; qNor_Mixed_2
Bog.Unlabelled.R3.T2.F2.trimmomatic.metaspades_bin.106_85.29_3.54_NODE_18365_length_5644_cov_4.974951_3	Root; qNor_Mixed_2
Bog.Unlabelled.R3.T2.F3.JGI.BFC.metaspades_bin.36_75.24_1.71_scaffold_8665_c1_3	Root; qNor_Mixed_2
Bog.Unlabelled.R3.T2.F3.trimmomatic.megahit_bin.82_92.49_4.27_k141_30942_3	Root; qNor_Mixed_2
Bog.Unlabelled.R3.T2.F3.trimmomatic.metaspades_bin.116_90.09_7.05_NODE_11981_length_10098_cov_7.093896_5	Root; qNor_Mixed_2
Bog.Unlabelled.R3.T3.F2.trimmomatic.metaspades_bin.59_96.49_4.42_NODE_1356_length_35325_cov_5.432067_27	Root; qNor_Mixed_2
Bog.Unlabelled.R3.T3.F3.trimmomatic.megahit_bin.146_84.40_4.27_k141_1086486_3	Root; qNor_Mixed_2
Bog.Unlabelled.R3.T3.F3.trimmomatic.metaspades_bin.204_89.10_8.12_NODE_3133_length_26444_cov_5.984842_3	Root; qNor_Mixed_2
Bog.Labelled.R1.T2.F3.trimmomatic.metaspades_bin.88_93.60_1.85_NODE_3193_length_19288_cov_5.808142_1	Root; cNor_Alphaproteobacteria
PMYF01_ENA|PMYF01000585|PMYF01000585.1_2	Root; qNor_Mixed
20110800_S2M_16_c_000000003276_1	Root; qNor_Mixed
20120700_P3D_140_c_000000022279_34	Root; qNor_Mixed_2
PLZV01_ENA|PLZV01000030|PLZV01000030.1_34	Root; qNor_Mixed_2
PKXP01_ENA|PKXP01000340|PKXP01000340.1_1	Root; qNor_Mixed_2
20110600_S1M_16_c_000000007342_2	Root; qNor_Mixed
20150700_S24_17_c_000000000452_1	Root; qNor_Mixed
Bog.Labelled.R1.T3.F2.trimmomatic.metaspades_bin.43_85.90_7.50_NODE_33206_length_3590_cov_4.824894_1	Root; qNor_Mixed_2
20110700_S1M_11_c_000000000727_6	Root; qNor_Mixed
20150700_S14_17_c_000000003201_8	Root; qNor_Alphaproteobacteria
PLEE01_ENA|PLEE01000339|PLEE01000339.1_3	Root; qNor_Mixed
20130700_P1Y_11_c_000000002343_5	Root; qNor_Mixed_2
20110700_P2D_3_c_000000009502_10	Root; qNor_Mixed
Bog.Unlabelled.R2.T1.F3.trimmomatic.megahit_bin.127_94.74_1.32_k141_1575672_6	Root; qNor_Mixed
20130700_E3Z_11_c_000000003582_1	Root; qNor_Mixed
Bog.Unlabelled.R2.T2.F2.trimmomatic.megahit_bin.69_70.47_1.00_k141_675499_1	Root; cNor_Alphaproteobacteria
20120700_P3D_88_c_000000067401_41	Root; qNor_Mixed
Fen.Labelled.R2.T2.F4.trimmomatic.megahit_bin.12_74.94_2.70_k141_646642_7	Root; cNor_Alphaproteobacteria
Palsa.Labelled.R1.T1.F3.trimmomatic.megahit_bin.23_79.28_2.90_k141_276292_1	Root; qNor_Mixed
3300037076_18_Ga0395910_025571_1	Root; qNor_Mixed
Fen.Unlabelled.R1.T3.F2.trimmomatic.megahit_bin.38_81.92_0.99_k141_1191182_7	Root; cNor_Gammaproteobacteria
Fen.Unlabelled.R1.T3.F2.trimmomatic.metaspades_bin.9_83.06_0.83_NODE_372_length_27344_cov_5.814687_17	Root; cNor_Gammaproteobacteria
20120700_P3D_2_c_000000013191_1	Root; qNor_Mixed
PLOI01_ENA|PLOI01000160|PLOI01000160.1_6	Root; qNor_Mixed_2
20110800_S3M_19_c_000000002522_13	Root; qNor_Mixed
3300037162_6_Ga0395626_0001727_7	Root; qNor_Mixed
20110800_S1M_24_c_000000000787_3	Root; qNor_Mixed
20140700_S35_1_c_000000000551_13	Root; qNor_Mixed
PMBY01_ENA|PMBY01000326|PMBY01000326.1_8	Root; qNor_Mixed
20120600_S2D_9_c_000000002378_1	Root; qNor_Mixed
20150700_S13_3_c_000000006638_1	Root; qNor_Mixed
Bog.Unlabelled.R1.T3.F3.trimmomatic.megahit_bin.8_89.46_5.03_k141_61145_6	Root; cNor_Alphaproteobacteria
20130700_E2X_2_c_000000000495_1	Root; qNor_Mixed_2
20110600_S1D_9_c_000000003551_2	Root; qNor_Mixed_2
20120500_P28_11_c_000000001886_96	Root; qNor_Mixed_2
PKWU01_ENA|PKWU01000045|PKWU01000045.1_49	Root; qNor_Mixed_2
PMPK01_ENA|PMPK01000145|PMPK01000145.1_48	Root; qNor_Mixed_2
PLWP01_ENA|PLWP01000161|PLWP01000161.1_1	Root; qNor_Mixed
PMXN01_ENA|PMXN01000153|PMXN01000153.1_5	Root; qNor_Mixed_2
20110800_S1M_20_c_000000004430_1	Root; qNor_Mixed
20110800_S2M_5_c_000000003772_14	Root; qNor_Mixed
20170700_S24_20_c_000000005700_4	Root; qNor_Mixed_2
20120800_E3S_10_c_000000002207_1	Root; qNor_Mixed
20120700_S1D_89_c_000000073428_10	Root; qNor_Mixed
PLUG01_ENA|PLUG01000210|PLUG01000210.1_5	Root; cNor_Bacteroidota
20120500_P28_7_c_000000002856_41	Root; qNor_Mixed_2
PKWM01_ENA|PKWM01000021|PKWM01000021.1_86	Root; qNor_Mixed_2
PMDY01_ENA|PMDY01000501|PMDY01000501.1_2	Root; qNor_Mixed_2
20110700_P2D_13_c_000000007583_1	Root; qNor_Mixed
20120800_E3S_10_c_000000002285_1	Root; qNor_Mixed
20130700_E3Y_2_c_000000000652_6	Root; qNor_Mixed_2
20120700_E1D_4_c_000000001454_5	Root; qNor_Mixed
20120800_E1D_3_c_000000006695_5	Root; qNor_Mixed
PLNX01_ENA|PLNX01000096|PLNX01000096.1_6	Root; qNor_Mixed
PMXI01_ENA|PMXI01000026|PMXI01000026.1_5	Root; qNor_Mixed
20120700_P3D_142_c_000000082200_20	Root; qNor_Mixed
Bog.Unlabelled.R2.T3.F2.trimmomatic.metaspades_bin.103_80.60_3.84_NODE_38065_length_5117_cov_3.226788_2	Root; qNor_Mixed_2
20120700_P3D_140_c_000000022287_40	Root; qNor_Mixed_2
PLZV01_ENA|PLZV01000051|PLZV01000051.1_116	Root; qNor_Mixed_2
PLAO01_ENA|PLAO01000067|PLAO01000067.1_7	Root; qNor_Mixed
20120800_E1X_7_c_000000000766_2	Root; qNor_Mixed
PKWL01_ENA|PKWL01000061|PKWL01000061.1_35	Root; cNor_Mixed
20110700_P2M_11_c_000000002668_6	Root; qNor_Mixed_2
20110700_P3D_12_c_000000005813_15	Root; qNor_Mixed_2
20111000_P2M_6_c_000000002463_14	Root; qNor_Mixed_2
20120500_P24_6_c_000000000778_6	Root; qNor_Mixed_2
20120700_P1D_6_c_000000000731_23	Root; qNor_Mixed_2
20130700_P1Y_9_c_000000006724_10	Root; qNor_Mixed_2
20150700_P24_3_c_000000004457_102	Root; qNor_Mixed_2
20160700_P15_5_c_000000002121_6	Root; qNor_Mixed_2
PMAQ01_ENA|PMAQ01000708|PMAQ01000708.1_9	Root; qNor_Mixed_2
PMUN01_ENA|PMUN01000096|PMUN01000096.1_15	Root; qNor_Mixed_2
3300036645_6_Ga0395986_000073_98	Root; qNor_Mixed
Bog.Unlabelled.R3.T2.F3.JGI.BFC.metaspades_bin.52_93.88_1.05_scaffold_8838_c1_1	Root; qNor_Mixed
20110800_S1D_2_c_000000003816_1	Root; qNor_Mixed
20130700_E1Y_20_c_000000005011_1	Root; qNor_Mixed
PMAU01_ENA|PMAU01000096|PMAU01000096.1_5	Root; qNor_Mixed
PMMU01_ENA|PMMU01000529|PMMU01000529.1_1	Root; qNor_Mixed
Bog.Unlabelled.R1.T3.F1.trimmomatic.megahit_bin.4_81.36_2.09_k141_330813_4	Root
Bog.Unlabelled.R3.T3.F1.trimmomatic.metaspades_bin.106_91.22_2.71_NODE_1953_length_23151_cov_3.901152_7	Root
PMJG01_ENA|PMJG01000006|PMJG01000006.1_2	Root; qNor_Mixed
20130700_E1Z_8_c_000000004485_13	Root; qNor_Mixed
20110700_E2M_1_c_000000001535_4	Root; qNor_Mixed
Bog.Labelled.R3.T2.F2.trimmomatic.megahit_bin.96_79.04_3.61_k141_362491_3	Root; qNor_Mixed
Palsa.Unlabelled.R1.T2.F2.trimmomatic.megahit_bin.33_89.94_2.84_k141_1527955_15	Root; qNor_Mixed
20130700_E3Z_5_c_000000003834_8	Root; qNor_Mixed_2
20120700_P3D_107_c_000000081297_1	Root; qNor_Mixed
Bog.None.R2.T0.trimmomatic.megahit_bin.94_75.00_4.31_k141_937680_13	Root; qNor_Mixed
Bog.None.R3.T0.trimmomatic.megahit_bin.96_77.29_6.58_k141_2955528_23	Root; qNor_Mixed
PLRZ01_ENA|PLRZ01000233|PLRZ01000233.1_4	Root; qNor_Mixed
Bog.Unlabelled.R2.T3.F1.trimmomatic.metaspades_bin.123_90.74_0.10_NODE_60872_length_3150_cov_4.285299_4	Root
20110700_E1S_1_c_000000000144_1	Root; qNor_Mixed
20110800_S3D_9_c_000000004599_7	Root; qNor_Mixed
PLOY01_ENA|PLOY01000434|PLOY01000434.1_1	Root; qNor_Mixed
20120700_P3D_90_c_000000066798_10	Root; qNor_Mixed_2
Bog.Labelled.R1.T3.F2.trimmomatic.megahit_bin.11_76.21_7.86_k141_709298_1	Root; qNor_Mixed_2
20110700_P1D_5_c_000000002150_18	Root; qNor_Mixed
20110800_E2D_19_c_000000005029_1	Root; qNor_Planctomycetota
PMYM01_ENA|PMYM01000057|PMYM01000057.1_1	Root; qNor_Planctomycetota
20110700_P2D_24_c_000000006794_91	Root; qNor_Mixed
20111000_P2D_3_c_000000006125_142	Root; qNor_Mixed
20120700_P1D_10_c_000000004951_46	Root; qNor_Mixed
3300037115_6_Ga0395734_000006_92	Root; qNor_Mixed
PLDK01_ENA|PLDK01000025|PLDK01000025.1_54	Root; qNor_Mixed
PLZK01_ENA|PLZK01000011|PLZK01000011.1_27	Root; qNor_Mixed
PMAR01_ENA|PMAR01000007|PMAR01000007.1_8	Root; qNor_Mixed
PMTA01_ENA|PMTA01000023|PMTA01000023.1_91	Root; qNor_Mixed
20110700_S1D_8_c_000000001053_1	Root; qNor_Mixed
20140700_S11_1_c_000000001222_14	Root; qNor_Mixed
3300037156_12_Ga0395916_001753_7	Root; qNor_Mixed
20110800_E3M_5_c_000000000490_4	Root; qNor_Mixed
20111000_E3D_5_c_000000001236_29	Root; qNor_Mixed
20120800_E2X_16_c_000000005245_15	Root; qNor_Mixed
PLYF01_ENA|PLYF01000195|PLYF01000195.1_2	Root; qNor_Mixed
20170700_S34_27_c_000000013495_4	Root; qNor_Mixed
Bog.Unlabelled.R2.T3.F3.trimmomatic.metaspades_bin.99_94.15_5.19_NODE_7416_length_13507_cov_5.453092_3	Root; qNor_Mixed_2
20170700_S25_38_c_000000008825_1	Root; qNor_Mixed
Palsa.Labelled.R1.T2.F3.trimmomatic.megahit_bin.15_93.70_3.24_k141_1151612_5	Root; qNor_Mixed
Palsa.Labelled.R1.T2.F3.trimmomatic.metaspades_bin.41_94.96_3.14_NODE_852_length_27512_cov_6.824453_5	Root; qNor_Mixed
Palsa.Labelled.R1.T3.F3.trimmomatic.metaspades_bin.8_80.52_1.19_NODE_770_length_29062_cov_4.344986_16	Root; qNor_Mixed
Palsa.Unlabelled.R1.T3.F2.JGI.BFC.metaspades_bin.120_98.70_3.18_scaffold_136_c1_21	Root; qNor_Mixed
Palsa.Unlabelled.R1.T3.F2.trimmomatic.megahit_bin.18_99.39_3.86_k141_198551_70	Root; qNor_Mixed
Palsa.Unlabelled.R1.T3.F2.trimmomatic.metaspades_bin.188_98.71_3.08_NODE_95_length_99845_cov_11.736938_22	Root; qNor_Mixed
Palsa.Unlabelled.R1.T3.F3.JGI.BFC.metaspades_bin.12_98.88_3.27_scaffold_181_c1_7	Root; qNor_Mixed
Palsa.Unlabelled.R1.T3.F3.trimmomatic.megahit_bin.171_99.39_2.58_k141_1630086_7	Root; qNor_Mixed
Palsa.Unlabelled.R1.T3.F3.trimmomatic.metaspades_bin.190_99.11_3.80_NODE_138_length_99494_cov_15.109846_21	Root; qNor_Mixed
Palsa.Unlabelled.R2.T2.F2.trimmomatic.megahit_bin.26_93.45_3.44_k141_199366_3	Root; qNor_Mixed
Palsa.Unlabelled.R2.T3.F2.trimmomatic.metaspades_bin.125_86.46_2.92_NODE_1136_length_22545_cov_5.961894_8	Root; qNor_Mixed
Palsa.Unlabelled.R2.T3.F3.trimmomatic.megahit_bin.165_98.96_4.36_k141_3342503_22	Root; qNor_Mixed
Palsa.Unlabelled.R3.T3.F2.trimmomatic.metaspades_bin.129_72.57_2.65_NODE_2852_length_14447_cov_5.279669_5	Root; qNor_Mixed
3300037076_11_Ga0395910_000001_311	Root; qNor_Mixed_2
20111000_P1D_15_c_000000003839_140	Root; qNor_Mixed
PLEH01_ENA|PLEH01000283|PLEH01000283.1_15	Root; qNor_Mixed
PMTK01_ENA|PMTK01000195|PMTK01000195.1_17	Root; qNor_Mixed
20120500_P14_1_c_000000002298_8	Root; qNor_Mixed
20130700_C1X_15_c_000000005870_4	Root; qNor_Mixed
Bog.Labelled.R1.T2.F3.JGI.BFC.metaspades_bin.124_72.38_2.38_scaffold_42046_c1_5	Root; cNor_Alphaproteobacteria
20130700_S1Y_9_c_000000002623_1	Root; qNor_Mixed
PMFZ01_ENA|PMFZ01000404|PMFZ01000404.1_1	Root; qNor_Alphaproteobacteria
20110800_E2D_19_c_000000004861_8	Root; qNor_Mixed
20170700_P14_4_c_000000000480_5	Root; qNor_Mixed
20110700_S2D_16_c_000000006736_1	Root; qNor_Mixed
20140700_S15_4_c_000000000696_1	Root; qNor_Mixed
20110800_S1M_29_c_000000004030_1	Root; qNor_Mixed
PMDU01_ENA|PMDU01000340|PMDU01000340.1_11	Root; qNor_Mixed
PMLD01_ENA|PMLD01000065|PMLD01000065.1_4	Root; qNor_Mixed
PNBO01_ENA|PNBO01000295|PNBO01000295.1_13	Root; qNor_Mixed
20110800_E2D_29_c_000000005102_22	Root; qNor_Mixed
20120800_E2X_2_c_000000000427_8	Root; qNor_Mixed
20110800_E1D_22_c_000000007548_1	Root; qNor_Mixed
PMHF01_ENA|PMHF01000044|PMHF01000044.1_1	Root; qNor_Mixed_2
PLQF01_ENA|PLQF01000010|PLQF01000010.1_26	Root; qNor_Mixed
Palsa.Labelled.R1.T1.F3.trimmomatic.metaspades_bin.59_86.22_3.17_NODE_52596_length_2857_cov_2.969308_3	Root; qNor_Mixed
Bog.Unlabelled.R3.T2.F2.trimmomatic.metaspades_bin.22_76.59_0.75_NODE_43959_length_3135_cov_4.553896_1	Root; cNor_Alphaproteobacteria
PKXC01_ENA|PKXC01000066|PKXC01000066.1_11	Root; cNor_Verrucomicrobiota
20120700_S1D_103_c_000000003271_6	Root; qNor_Planctomycetota
20160700_E33_1_c_000000000644_1	Root; qNor_Mixed
20100900_E3D_1_c_000000006829_16	Root; qNor_Mixed
20110800_E1D_3_c_000000002025_21	Root; qNor_Mixed
20120600_E1D_7_c_000000018967_18	Root; qNor_Mixed
PMKP01_ENA|PMKP01000334|PMKP01000334.1_27	Root; qNor_Mixed
PMXP01_ENA|PMXP01000385|PMXP01000385.1_25	Root; qNor_Mixed
20120700_P3D_43_c_000000017102_1	Root; qNor_Mixed
20110700_E2M_2_c_000000001780_2	Root; qNor_Mixed_2
20110600_P1M_17_c_000000006084_1	Root; qNor_Mixed_2
PLIK01_ENA|PLIK01000013|PLIK01000013.1_64	Root; qNor_Mixed
20130700_C1X_6_c_000000001103_13	Root; qNor_Mixed
20110800_E3D_15_c_000000001171_1	Root; qNor_Mixed_2
20120800_E3X_20_c_000000001225_2	Root; qNor_Mixed
PLPM01_ENA|PLPM01000157|PLPM01000157.1_8	Root; qNor_Mixed_2
20120700_S1D_48_c_000000071401_23	Root; qNor_Mixed_2
PLSX01_ENA|PLSX01000242|PLSX01000242.1_18	Root; qNor_Mixed_2
20120700_P3D_48_c_000000026006_122	Root; qNor_Mixed
PLZS01_ENA|PLZS01000095|PLZS01000095.1_116	Root; qNor_Mixed
PMDY01_ENA|PMDY01000501|PMDY01000501.1_1	Root; qNor_Mixed_2
20160700_S14_1_c_000000001935_13	Root; qNor_Mixed
20140700_S33_9_c_000000004078_7	Root; qNor_Mixed
PMES01_ENA|PMES01000120|PMES01000120.1_6	Root; qNor_Mixed
20130700_E2Y_2_c_000000003139_2	Root; qNor_Mixed
20130700_P1Y_14_c_000000002675_6	Root; qNor_Mixed
PMAM01_ENA|PMAM01000362|PMAM01000362.1_6	Root; qNor_Mixed
20120700_P1D_2_c_000000003258_6	Root; qNor_Mixed
20150700_S34_2_c_000000005384_1	Root; qNor_Mixed
20110700_S2D_27_c_000000001597_13	Root; qNor_Mixed
PLSG01_ENA|PLSG01000553|PLSG01000553.1_3	Root; qNor_Mixed
20100900_E2D_9_c_000000004332_23	Root; qNor_Mixed
PLKF01_ENA|PLKF01000234|PLKF01000234.1_1	Root; qNor_Mixed
20130700_S3M_2_c_000000002945_1	Root; cNor_Bacteroidota
20140700_E15_18_c_000000001101_2	Root; qNor_Mixed
20120700_S1D_31_c_000000062784_3	Root; cNor_Alphaproteobacteria
20120600_E2D_31_c_000000012249_20	Root; qNor_Mixed
20160700_P15_26_c_000000007586_1	Root; qNor_Mixed
20120800_E2D_7_c_000000006213_1	Root; qNor_Mixed
3300037063_9_Ga0395694_0016350_3	Root; qNor_Mixed
20110700_P3D_9_c_000000001636_1	Root; qNor_Mixed_2
PKYZ01_ENA|PKYZ01000057|PKYZ01000057.1_5	Root; qNor_Mixed
PKXC01_ENA|PKXC01000240|PKXC01000240.1_3	Root; qNor_Mixed
20130700_E3D_3_c_000000000844_1	Root; qNor_Mixed
Bog.Labelled.R3.T1.F3.trimmomatic.metaspades_bin.7_93.10_2.85_NODE_8504_length_7837_cov_5.479054_8	Root; qNor_Mixed
20170700_S33_5_c_000000007733_7	Root; qNor_Mixed_2
PLMP01_ENA|PLMP01000133|PLMP01000133.1_3	Root; qNor_Mixed
20140700_S15_4_c_000000000519_5	Root; qNor_Mixed
3300036884_7_Ga0334813_000330_27	Root; qNor_Planctomycetota
3300037087_10_Ga0334814_000170_51	Root; qNor_Planctomycetota
20110800_S2D_9_c_000000003740_13	Root; qNor_Mixed_2
20110800_S2M_1_c_000000001374_11	Root; qNor_Mixed_2
20110800_S3D_11_c_000000010961_9	Root; qNor_Mixed_2
20120600_S1D_4_c_000000004174_26	Root; qNor_Mixed_2
20120700_S2X_7_c_000000001461_7	Root; qNor_Mixed_2
20120700_S3D_21_c_000000000679_28	Root; qNor_Mixed_2
20120700_S3X_11_c_000000001604_11	Root; qNor_Mixed_2
20120800_S3X_7_c_000000000008_21	Root; qNor_Mixed_2
20130700_C1X_9_c_000000002393_8	Root; qNor_Mixed_2
20130700_S1Y_15_c_000000001280_30	Root; qNor_Mixed_2
20130700_S2D_4_c_000000002511_6	Root; qNor_Mixed_2
20130700_S2Y_22_c_000000006274_63	Root; qNor_Mixed_2
20130700_S3X_1_c_000000000847_7	Root; qNor_Mixed_2
20130700_S3Z_19_c_000000003928_26	Root; qNor_Mixed_2
20140700_S16_11_c_000000002150_11	Root; qNor_Mixed_2
20140700_S24_15_c_000000000185_8	Root; qNor_Mixed_2
20140700_S26_3_c_000000004488_11	Root; qNor_Mixed_2
20140700_S34_13_c_000000003646_23	Root; qNor_Mixed_2
20140700_S35_11_c_000000000759_8	Root; qNor_Mixed_2
20140700_S36_19_c_000000001703_7	Root; qNor_Mixed_2
20150700_P25_2_c_000000000286_39	Root; qNor_Mixed_2
20150700_S24_18_c_000000005441_11	Root; qNor_Mixed_2
20150700_S34_13_c_000000005186_3	Root; qNor_Mixed_2
20160700_S15_17_c_000000001813_61	Root; qNor_Mixed_2
20160700_S25_9_c_000000000115_11	Root; qNor_Mixed_2
20170700_E14_18_c_000000003027_20	Root; qNor_Mixed_2
20170700_S23_12_c_000000000192_8	Root; qNor_Mixed_2
20170700_S25_2_c_000000001407_13	Root; qNor_Mixed_2
PLGV01_ENA|PLGV01000105|PLGV01000105.1_12	Root; qNor_Mixed_2
PLHC01_ENA|PLHC01000094|PLHC01000094.1_8	Root; qNor_Mixed_2
PLOW01_ENA|PLOW01000056|PLOW01000056.1_26	Root; qNor_Mixed_2
PLPS01_ENA|PLPS01000151|PLPS01000151.1_12	Root; qNor_Mixed_2
PLUS01_ENA|PLUS01000067|PLUS01000067.1_43	Root; qNor_Mixed_2
PMPI01_ENA|PMPI01000099|PMPI01000099.1_8	Root; qNor_Mixed_2
20120600_S3D_8_c_000000003770_6	Root; qNor_Mixed
20160700_E13_8_c_000000000239_1	Root; qNor_Mixed
PLZR01_ENA|PLZR01000478|PLZR01000478.1_15	Root; qNor_Mixed
20120800_E3X_2_c_000000000722_6	Root; qNor_Mixed_2
20150700_S24_19_c_000000005852_4	Root; qNor_Mixed
20110700_S1D_8_c_000000001053_18	Root; qNor_Mixed_2
20120700_S1D_60_c_000000024541_29	Root; qNor_Mixed_2
20110700_P2D_21_c_000000005411_5	Root; qNor_Mixed
Fen.Unlabelled.R3.T1.F2.trimmomatic.metaspades_bin.1_79.41_0.30_NODE_5653_length_4936_cov_6.514649_9	Root; qNor_Mixed
Fen.Labelled.R3.T1.F4.trimmomatic.megahit_bin.10_92.83_3.12_k141_246839_2	Root; qNor_Mixed_2
Fen.Labelled.R3.T1.F4.trimmomatic.metaspades_bin.25_92.80_3.23_NODE_81_length_35545_cov_7.316371_25	Root; qNor_Mixed_2
Fen.Labelled.R3.T2.F4.JGI.BFC.metaspades_bin.12_82.23_1.29_scaffold_178_c1_1	Root; qNor_Mixed_2
Fen.Labelled.R3.T2.F4.trimmomatic.megahit_bin.52_85.43_4.35_k141_1262192_3	Root; qNor_Mixed_2
Fen.Labelled.R3.T2.F4.trimmomatic.metaspades_bin.47_87.63_5.16_NODE_371_length_30206_cov_6.420152_1	Root; qNor_Mixed_2
Fen.Unlabelled.R3.T1.F4.trimmomatic.metaspades_bin.14_86.94_3.26_NODE_693_length_12723_cov_6.306205_11	Root; qNor_Mixed_2
Fen.Unlabelled.R3.T2.F4.trimmomatic.metaspades_bin.25_72.44_3.51_NODE_8872_length_3720_cov_6.222101_4	Root; qNor_Mixed_2
Fen.Unlabelled.R4.T1.F4.trimmomatic.megahit_bin.13_87.56_2.90_k141_780172_15	Root; qNor_Mixed_2
Fen.Unlabelled.R4.T3.F4.trimmomatic.megahit_bin.87_81.26_3.23_k141_1872859_8	Root; qNor_Mixed_2
PMOC01_ENA|PMOC01000432|PMOC01000432.1_10	Root; qNor_Mixed
PLRD01_ENA|PLRD01000011|PLRD01000011.1_102	Root; qNor_Mixed
20110800_S3D_9_c_000000004455_4	Root; qNor_Mixed
Bog.Unlabelled.R1.T2.F2.trimmomatic.metaspades_bin.151_75.59_2.79_NODE_32733_length_3900_cov_4.077243_1	Root; qNor_Mixed_2
Bog.Labelled.R1.T2.F3.JGI.BFC.metaspades_bin.69_93.31_2.40_scaffold_16491_c1_1	Root; cNor_Alphaproteobacteria
Fen.Unlabelled.R3.T2.F3.trimmomatic.metaspades_bin.10_74.46_4.17_NODE_4513_length_4366_cov_4.512410_3	Root; qNor_Mixed_2
20130700_S3M_3_c_000000005610_12	Root; qNor_Mixed_2
20120700_P3D_17_c_000000069899_2	Root; qNor_Mixed
20150700_S35_2_c_000000002017_46	Root; qNor_Mixed
20120500_P27_9_c_000000001681_1	Root; qNor_Mixed_2
3300028572_4_Ga0302152_10001990_2	Root; cNor_Gammaproteobacteria
3300028874_9_Ga0302155_10000069_57	Root; cNor_Gammaproteobacteria
Bog.Labelled.R1.T1.F3.trimmomatic.megahit_bin.68_90.28_1.56_k141_1226042_14	Root; cNor_Gammaproteobacteria
Bog.Labelled.R2.T1.F3.trimmomatic.megahit_bin.41_94.45_2.13_k141_207086_19	Root; cNor_Gammaproteobacteria
Bog.Labelled.R2.T1.F3.trimmomatic.metaspades_bin.13_94.62_1.00_NODE_1180_length_20113_cov_6.048908_5	Root; cNor_Gammaproteobacteria
Bog.Labelled.R3.T1.F3.trimmomatic.metaspades_bin.61_88.86_2.14_NODE_4768_length_11232_cov_4.735886_8	Root; cNor_Gammaproteobacteria
Bog.Unlabelled.R1.T1.F1.JGI.BFC.metaspades_bin.5_98.08_1.64_scaffold_72_c1_57	Root; cNor_Gammaproteobacteria
Bog.Unlabelled.R1.T1.F1.trimmomatic.megahit_bin.25_97.86_1.07_k141_706173_8	Root; cNor_Gammaproteobacteria
Bog.Unlabelled.R1.T1.F1.trimmomatic.metaspades_bin.23_91.91_1.78_NODE_117_length_40233_cov_4.963239_35	Root; cNor_Gammaproteobacteria
Bog.Unlabelled.R2.T1.F1.JGI.BFC.metaspades_bin.3_93.87_2.45_scaffold_2028_c1_2	Root; cNor_Gammaproteobacteria
Bog.Unlabelled.R2.T1.F1.trimmomatic.megahit_bin.2_97.22_1.71_k141_153799_12	Root; cNor_Gammaproteobacteria
Bog.Unlabelled.R2.T1.F1.trimmomatic.metaspades_bin.29_98.08_2.10_NODE_231_length_46035_cov_9.867247_32	Root; cNor_Gammaproteobacteria
Bog.Unlabelled.R2.T1.F2.JGI.BFC.metaspades_bin.16_98.72_1.50_scaffold_202_c1_43	Root; cNor_Gammaproteobacteria
Bog.Unlabelled.R2.T1.F2.trimmomatic.megahit_bin.117_98.72_2.14_k141_343462_23	Root; cNor_Gammaproteobacteria
Bog.Unlabelled.R2.T1.F2.trimmomatic.metaspades_bin.74_97.96_1.35_NODE_187_length_55639_cov_8.340386_43	Root; cNor_Gammaproteobacteria
Bog.Unlabelled.R2.T1.F3.JGI.BFC.metaspades_bin.96_78.45_3.45_scaffold_3652_c1_9	Root; cNor_Gammaproteobacteria
Bog.Unlabelled.R2.T1.F3.trimmomatic.megahit_bin.47_98.29_1.95_k141_188641_36	Root; cNor_Gammaproteobacteria
Bog.Unlabelled.R2.T1.F3.trimmomatic.metaspades_bin.42_98.08_1.34_NODE_482_length_49013_cov_8.963295_36	Root; cNor_Gammaproteobacteria
Bog.Unlabelled.R3.T1.F1.trimmomatic.metaspades_bin.111_97.22_3.49_NODE_237_length_58501_cov_25.893971_36	Root; cNor_Gammaproteobacteria
Bog.Unlabelled.R3.T1.F2.trimmomatic.metaspades_bin.144_98.93_0.93_NODE_118_length_82607_cov_21.405345_34	Root; cNor_Gammaproteobacteria
Bog.Unlabelled.R3.T1.F3.trimmomatic.megahit_bin.61_94.61_1.71_k141_918961_2	Root; cNor_Gammaproteobacteria
Bog.Unlabelled.R3.T1.F3.trimmomatic.metaspades_bin.27_95.58_1.35_NODE_878_length_47190_cov_9.616973_43	Root; cNor_Gammaproteobacteria
20120800_E3X_28_c_000000005561_1	Root; qNor_Mixed_2
20110800_S3D_35_c_000000006986_1	Root; qNor_Mixed
20120500_P28_8_c_000000000281_2	Root; qNor_Mixed_2
20110800_E2D_20_c_000000006615_17	Root; qNor_Mixed
20120700_P3D_4_c_000000110506_6	Root; qNor_Mixed
PMYO01_ENA|PMYO01000168|PMYO01000168.1_5	Root; qNor_Mixed
PMSA01_ENA|PMSA01000043|PMSA01000043.1_1	Root; qNor_Mixed
Fen.Unlabelled.R1.T2.F2.trimmomatic.metaspades_bin.7_84.67_0.88_NODE_5147_length_5633_cov_4.457512_4	Root; cNor_Gammaproteobacteria
20120700_S1X_1_c_000000003445_25	Root; qNor_Mixed
20120800_E2X_15_c_000000004842_7	Root; qNor_Mixed
PMYF01_ENA|PMYF01000901|PMYF01000901.1_6	Root; qNor_Mixed
PLYF01_ENA|PLYF01000195|PLYF01000195.1_1	Root; qNor_Mixed
20120700_S1D_68_c_000000001829_10	Root; qNor_Mixed_2
Bog.Labelled.R1.T1.F3.trimmomatic.metaspades_bin.73_91.90_1.40_NODE_2322_length_12048_cov_5.499625_14	Root; cNor_Gammaproteobacteria
20120600_E3D_51_c_000000003038_1	Root; qNor_Mixed
20160700_S23_18_c_000000005702_15	Root; qNor_Mixed
20110700_P2D_9_c_000000004092_35	Root; qNor_Mixed
PMZX01_ENA|PMZX01000098|PMZX01000098.1_1	Root; qNor_Mixed
20110600_S3M_2_c_000000004904_1	Root; qNor_Mixed
20120700_E3X_1_c_000000001703_1	Root; qNor_Mixed
20120700_P3D_91_c_000000068260_3	Root; qNor_Mixed_2
20160700_S25_10_c_000000001502_15	Root; qNor_Mixed
PKWK01_ENA|PKWK01000161|PKWK01000161.1_30	Root; qNor_Mixed_2
20120800_E3D_3_c_000000000544_1	Root; qNor_Mixed
PMBY01_ENA|PMBY01000326|PMBY01000326.1_7	Root; qNor_Mixed
20140700_S15_21_c_000000004518_3	Root; qNor_Mixed_2
PMJK01_ENA|PMJK01000099|PMJK01000099.1_39	Root; qNor_Mixed
20110700_P2D_5_c_000000010915_5	Root; qNor_Mixed_2
20110600_P1D_10_c_000000002839_46	Root; qNor_Mixed
20110800_E2D_23_c_000000004490_53	Root; qNor_Mixed
20120700_E1X_2_c_000000000451_45	Root; qNor_Mixed_2
20120800_E1X_17_c_000000004459_19	Root; qNor_Mixed_2
20120800_E3X_9_c_000000004526_2	Root; qNor_Mixed_2
20130700_C2X_4_c_000000002644_19	Root; qNor_Mixed_2
PLNT01_ENA|PLNT01000008|PLNT01000008.1_55	Root; qNor_Mixed_2
PMEL01_ENA|PMEL01000043|PMEL01000043.1_10	Root; qNor_Mixed_2
20110600_S3M_14_c_000000001527_1	Root; qNor_Mixed
20150700_S15_13_c_000000003421_92	Root; qNor_Mixed
20130700_E3Y_13_c_000000001217_12	Root; qNor_Mixed
20130700_E3Z_20_c_000000002597_12	Root; qNor_Mixed
20110800_E2S_2_c_000000002542_18	Root; qNor_Mixed
Bog.Unlabelled.R3.T1.F2.trimmomatic.metaspades_bin.116_95.32_3.68_NODE_15841_length_6855_cov_6.154412_8	Root; qNor_Mixed
PLDO01_ENA|PLDO01000615|PLDO01000615.1_1	Root; qNor_Mixed
20130700_C1D_5_c_000000006212_23	Root; qNor_Mixed_2
20120600_E1D_2_c_000000016910_13	Root; qNor_Mixed
20150700_P15_7_c_000000002478_9	Root; qNor_Mixed
PKWO01_ENA|PKWO01000509|PKWO01000509.1_1	Root; qNor_Mixed_2
20130700_E3Z_15_c_000000002930_20	Root; qNor_Mixed_2
20130700_E2Z_9_c_000000000075_13	Root; qNor_Mixed
20120500_P25_15_c_000000004458_1	Root; qNor_Mixed_2
20150700_E13_4_c_000000002451_5	Root; qNor_Mixed_2
20150700_E14_11_c_000000001254_5	Root; qNor_Mixed_2
20150700_E15_18_c_000000007951_20	Root; qNor_Mixed_2
20160700_E23_18_c_000000000151_20	Root; qNor_Mixed_2
20160700_E25_23_c_000000005878_32	Root; qNor_Mixed_2
20170700_S35_6_c_000000003792_5	Root; qNor_Mixed_2
3300037196_11_Ga0395631_0000361_16	Root; qNor_Mixed_2
3300036909_6_Ga0334872_001495_16	Root; qNor_Mixed_2
PMOK01_ENA|PMOK01000223|PMOK01000223.1_28	Root; qNor_Mixed_2
Bog.Unlabelled.R1.T3.F3.trimmomatic.metaspades_bin.28_92.87_3.97_NODE_6076_length_6018_cov_9.499916_9	Root; cNor_Alphaproteobacteria
20130700_S1Z_9_c_000000002509_1	Root; qNor_Mixed
Bog.Unlabelled.R3.T2.F2.trimmomatic.metaspades_bin.104_95.00_2.74_NODE_11691_length_7673_cov_4.784589_6	Root; qNor_Mixed
20170700_S34_38_c_000000002153_2	Root; qNor_Mixed_2
3300036887_8_Ga0334829_010412_2	Root; cNor_Bacteroidota
Bog.Unlabelled.R3.T2.F2.trimmomatic.metaspades_bin.104_95.00_2.74_NODE_46140_length_3037_cov_4.331321_3	Root; qNor_Mixed
PLOI01_ENA|PLOI01000160|PLOI01000160.1_7	Root; qNor_Mixed_2
20120800_E1D_21_c_000000001584_11	Root; qNor_Mixed_2
20160700_E25_4_c_000000007292_4	Root; qNor_Mixed_2
Palsa.Unlabelled.R1.T2.F2.trimmomatic.metaspades_bin.66_93.62_3.24_NODE_211_length_54842_cov_5.866903_1	Root; qNor_Mixed
PMTU01_ENA|PMTU01000053|PMTU01000053.1_13	Root; qNor_Mixed
PMYM01_ENA|PMYM01000258|PMYM01000258.1_15	Root; qNor_Mixed
20110800_S1D_6_c_000000001140_11	Root; qNor_Mixed
20120700_S1X_15_c_000000002022_19	Root; qNor_Mixed
20120700_P3D_65_c_000000040075_14	Root; qNor_Mixed
20170700_S34_4_c_000000007228_41	Root; qNor_Mixed
PMYF01_ENA|PMYF01000585|PMYF01000585.1_1	Root; qNor_Mixed
20120700_P3D_26_c_000000066080_11	Root; qNor_Mixed
PLZG01_ENA|PLZG01000045|PLZG01000045.1_15	Root; qNor_Mixed
Bog.Unlabelled.R3.T3.F2.trimmomatic.metaspades_bin.119_94.24_0.00_NODE_1325_length_35798_cov_4.981535_37	Root; cNor_Alphaproteobacteria
20110600_S1S_3_c_000000002954_4	Root; cNor_Bacteroidota
20110800_S3S_1_c_000000003434_4	Root; cNor_Bacteroidota
20111000_S1D_1_c_000000005338_3	Root; cNor_Bacteroidota
20120600_S1S_1_c_000000001006_4	Root; cNor_Bacteroidota
20120600_S3M_10_c_000000000807_4	Root; cNor_Bacteroidota
20120700_S1M_5_c_000000001366_3	Root; cNor_Bacteroidota
20120700_S1S_4_c_000000004098_5	Root; cNor_Bacteroidota
20130700_S2S_19_c_000000000836_2	Root; cNor_Bacteroidota
20140700_S11_7_c_000000001496_3	Root; cNor_Bacteroidota
20140700_S21_9_c_000000007675_2	Root; cNor_Bacteroidota
PLBH01_ENA|PLBH01000201|PLBH01000201.1_10	Root; cNor_Bacteroidota
PLRO01_ENA|PLRO01000208|PLRO01000208.1_9	Root; cNor_Bacteroidota
PLSA01_ENA|PLSA01000187|PLSA01000187.1_5	Root; cNor_Bacteroidota
PMGA01_ENA|PMGA01000081|PMGA01000081.1_4	Root; cNor_Bacteroidota
PMGV01_ENA|PMGV01000027|PMGV01000027.1_4	Root; cNor_Bacteroidota
20130700_S2X_12_c_000000000079_4	Root; qNor_Mixed
20130700_E1Y_5_c_000000005727_11	Root; qNor_Mixed_2
20130700_S1Z_4_c_000000004066_5	Root; qNor_Mixed_2
20140700_S36_6_c_000000001113_3	Root; qNor_Mixed_2
20160700_S25_6_c_000000002635_6	Root; qNor_Mixed_2
20120700_P3D_20_c_000000084664_128	Root; qNor_Mixed
20130700_E3X_4_c_000000001866_1	Root; qNor_Mixed
20120800_E2X_13_c_000000003883_5	Root; qNor_Mixed_2
20130700_E1Y_6_c_000000002398_4	Root; qNor_Mixed_2
Bog.Unlabelled.R1.T1.F2.trimmomatic.megahit_bin.72_94.75_1.42_k141_257317_42	Root; cNor_Gammaproteobacteria
Bog.Unlabelled.R1.T1.F2.trimmomatic.metaspades_bin.87_94.28_1.14_NODE_244_length_48505_cov_6.934118_43	Root; cNor_Gammaproteobacteria
20130700_E2S_2_c_000000000259_4	Root; qNor_Mixed
Bog.Labelled.R1.T3.F2.JGI.BFC.metaspades_bin.49_87.11_9.05_scaffold_55_c1_1	Root; qNor_Mixed_2
PMZW01_ENA|PMZW01000174|PMZW01000174.1_6	Root; qNor_Mixed
20130700_E3M_6_c_000000003121_3	Root; qNor_Mixed
20120700_P1D_1_c_000000001745_2	Root; qNor_Mixed
20110700_P2D_20_c_000000004980_6	Root; cNor_Bacteroidota
20120700_P3D_42_c_000000060903_3	Root; cNor_Bacteroidota
PLUL01_ENA|PLUL01000049|PLUL01000049.1_3	Root; cNor_Bacteroidota
PMTN01_ENA|PMTN01000080|PMTN01000080.1_4	Root; cNor_Bacteroidota
PLZC01_ENA|PLZC01000322|PLZC01000322.1_27	Root; qNor_Mixed_2
20120700_P3D_12_c_000000051727_21	Root; qNor_Mixed
20130700_E1Z_8_c_000000004450_1	Root; qNor_Mixed
PMDW01_ENA|PMDW01000519|PMDW01000519.1_1	Root; qNor_Mixed
20110800_E3D_37_c_000000011490_1	Root; qNor_Planctomycetota
Bog.Labelled.R2.T2.F3.trimmomatic.metaspades_bin.74_80.18_1.75_NODE_530_length_42224_cov_7.612061_11	Root; qNor_Mixed
Bog.Labelled.R2.T3.F3.trimmomatic.megahit_bin.129_89.53_3.25_k141_899252_12	Root; qNor_Mixed
Bog.Labelled.R2.T3.F3.trimmomatic.metaspades_bin.109_85.58_3.07_NODE_7130_length_14157_cov_8.536449_2	Root; qNor_Mixed
Bog.Labelled.R3.T1.F3.trimmomatic.megahit_bin.39_89.21_3.95_k141_1203007_10	Root; qNor_Mixed
Bog.Labelled.R3.T1.F3.trimmomatic.metaspades_bin.85_84.03_2.63_NODE_315_length_53907_cov_7.938572_26	Root; qNor_Mixed
Bog.Labelled.R3.T2.F3.trimmomatic.megahit_bin.88_89.61_2.88_k141_1704127_29	Root; qNor_Mixed
Bog.Unlabelled.R3.T3.F3.JGI.BFC.metaspades_bin.128_77.19_1.75_scaffold_3854_c1_11	Root; qNor_Mixed
20110700_S1D_14_c_000000003960_13	Root; qNor_Mixed
20130700_S2Y_12_c_000000002978_13	Root; qNor_Mixed
20110600_S1M_16_c_000000007279_6	Root; qNor_Mixed_2
20150700_S13_5_c_000000002758_13	Root; qNor_Mixed_2
PMPW01_ENA|PMPW01000901|PMPW01000901.1_14	Root; qNor_Mixed_2
20120700_P3D_107_c_000000081274_142	Root; qNor_Mixed
PMMD01_ENA|PMMD01000080|PMMD01000080.1_5	Root; qNor_Mixed
20130700_C1D_10_c_000000005849_11	Root; qNor_Mixed
20160700_P15_7_c_000000003896_2	Root; qNor_Mixed_2
PLYS01_ENA|PLYS01000202|PLYS01000202.1_3	Root; qNor_Mixed
3300037549_11_Ga0310740_0004700_9	Root; qNor_Mixed
3300037225_13_Ga0395714_002392_8	Root; qNor_Mixed_2
20111000_S2D_2_c_000000002109_16	Root; qNor_Mixed
Bog.Labelled.R2.T2.F3.trimmomatic.megahit_bin.111_82.81_3.51_k141_742950_24	Root; qNor_Mixed
Bog.Unlabelled.R3.T2.F3.trimmomatic.megahit_bin.55_74.56_3.51_k141_1700681_14	Root; qNor_Mixed
Bog.Unlabelled.R3.T3.F3.trimmomatic.megahit_bin.119_82.46_3.51_k141_1325800_44	Root; qNor_Mixed
Bog.Unlabelled.R3.T3.F3.trimmomatic.metaspades_bin.54_74.56_3.51_NODE_1515_length_40249_cov_9.777156_5	Root; qNor_Mixed
PMYE01_ENA|PMYE01000096|PMYE01000096.1_1	Root; qNor_Mixed
20100900_E1D_14_c_000000001426_2	Root; qNor_Mixed
20120600_E3D_11_c_000000010514_2	Root; qNor_Mixed
PMME01_ENA|PMME01000420|PMME01000420.1_3	Root; qNor_Mixed
20170700_S24_12_c_000000002097_15	Root; qNor_Mixed
20150700_S15_10_c_000000003554_1	Root; qNor_Mixed
20111000_P2D_16_c_000000003072_9	Root; qNor_Mixed_2
Bog.Labelled.R1.T3.F3.JGI.BFC.metaspades_bin.25_73.68_5.26_scaffold_693_c1_33	Root; qNor_Mixed
Bog.Labelled.R1.T3.F3.trimmomatic.megahit_bin.128_83.51_3.51_k141_197597_11	Root; qNor_Mixed
Bog.Labelled.R1.T3.F3.trimmomatic.metaspades_bin.43_92.84_1.75_NODE_721_length_52547_cov_8.712851_19	Root; qNor_Mixed
Bog.Labelled.R3.T2.F3.JGI.BFC.metaspades_bin.54_86.82_1.75_scaffold_40023_c1_1	Root; qNor_Mixed
Bog.Labelled.R3.T2.F3.trimmomatic.metaspades_bin.27_79.82_2.63_NODE_4228_length_17162_cov_7.660490_2	Root; qNor_Mixed
Bog.None.R1.T0.trimmomatic.megahit_bin.296_92.98_4.75_k141_1803710_5	Root; qNor_Mixed
Bog.Unlabelled.R3.T1.F3.trimmomatic.megahit_bin.146_76.32_3.51_k141_128729_25	Root; qNor_Mixed
Bog.Unlabelled.R2.T3.F3.trimmomatic.megahit_bin.132_89.95_3.42_k141_1248443_1	Root; qNor_Mixed_2
20140700_S36_10_c_000000002891_85	Root; qNor_Mixed
20120800_E2D_20_c_000000001520_1	Root; qNor_Mixed_2
20170700_E14_8_c_000000001048_1	Root; qNor_Mixed
20120700_P3D_31_c_000000027579_7	Root; qNor_Mixed
PLYJ01_ENA|PLYJ01000109|PLYJ01000109.1_8	Root; cNor_Bacteroidota
PLMH01_ENA|PLMH01000158|PLMH01000158.1_5	Root; qNor_Mixed
PMTU01_ENA|PMTU01000088|PMTU01000088.1_5	Root; qNor_Mixed
PLWR01_ENA|PLWR01000073|PLWR01000073.1_1	Root; qNor_Mixed
PMSE01_ENA|PMSE01000235|PMSE01000235.1_4	Root; qNor_Mixed
20160700_P15_17_c_000000002666_1	Root; qNor_Alphaproteobacteria
20120800_P2M_1_c_000000003803_9	Root; qNor_Mixed
3300037218_7_Ga0395684_0000572_18	Root; qNor_Mixed
3300037221_4_Ga0395690_006444_4	Root; qNor_Mixed
3300037241_7_Ga0395687_0000591_20	Root; qNor_Mixed
3300037242_8_Ga0395737_0002369_18	Root; qNor_Mixed
20111000_E3M_1_c_000000000402_1	Root; qNor_Mixed
20120600_E2D_32_c_000000002700_1	Root; cNor_Alphaproteobacteria
PLGS01_ENA|PLGS01000092|PLGS01000092.1_39	Root; qNor_Alphaproteobacteria
PLUE01_ENA|PLUE01000059|PLUE01000059.1_39	Root; qNor_Alphaproteobacteria
PMLB01_ENA|PMLB01000390|PMLB01000390.1_1	Root; qNor_Mixed
20110800_E3D_8_c_000000011200_11	Root; qNor_Mixed_2
20120800_E2X_14_c_000000005531_55	Root; qNor_Mixed_2
20130700_E1Z_14_c_000000004644_92	Root; qNor_Mixed_2
20130700_E2Y_16_c_000000001393_12	Root; qNor_Mixed_2
20130700_E2Z_1_c_000000001978_38	Root; qNor_Mixed_2
20130700_E3Y_6_c_000000000330_5	Root; qNor_Mixed_2
3300036886_11_Ga0334826_001526_9	Root; qNor_Mixed_2
3300037087_14_Ga0334814_000318_37	Root; qNor_Mixed_2
3300037091_12_Ga0334825_001324_12	Root; qNor_Mixed_2
PLMS01_ENA|PLMS01000069|PLMS01000069.1_44	Root; qNor_Mixed_2
PMZO01_ENA|PMZO01000184|PMZO01000184.1_11	Root; qNor_Mixed_2
20120500_P28_7_c_000000002862_30	Root; qNor_Mixed
PKWM01_ENA|PKWM01000007|PKWM01000007.1_30	Root; qNor_Mixed
3300038457_8_Ga0436655_021801_4	Root; cNor_Bacteroidota
20111000_P3M_27_c_000000010232_4	Root; qNor_Mixed
PNBR01_ENA|PNBR01000263|PNBR01000263.1_6	Root; qNor_Mixed
20111000_P2D_7_c_000000005945_7	Root; qNor_Mixed
PMZR01_ENA|PMZR01000071|PMZR01000071.1_1	Root; qNor_Mixed
Palsa.Unlabelled.R2.T3.F3.JGI.BFC.metaspades_bin.267_98.66_3.27_scaffold_377_c1_70	Root; qNor_Mixed
PLOY01_ENA|PLOY01000610|PLOY01000610.1_15	Root; qNor_Mixed
20111000_P3M_10_c_000000009991_28	Root; qNor_Mixed
PLBW01_ENA|PLBW01000167|PLBW01000167.1_7	Root; qNor_Mixed
20110800_E3D_6_c_000000002116_25	Root; qNor_Mixed
20120800_E3D_8_c_000000001146_13	Root; qNor_Mixed
20120700_S1D_55_c_000000017499_30	Root; qNor_Mixed_2
PLRS01_ENA|PLRS01000073|PLRS01000073.1_14	Root; qNor_Mixed_2
20170700_S25_43_c_000000010417_1	Root; cNor_Bacteroidota
20110600_S3M_14_c_000000001751_1	Root; qNor_Mixed
20110800_S3D_35_c_000000006954_1	Root; qNor_Mixed
20150700_S15_13_c_000000003352_1	Root; qNor_Mixed
Bog.Unlabelled.R1.T2.F2.trimmomatic.metaspades_bin.113_74.19_1.20_NODE_8195_length_10233_cov_5.489684_13	Root; cNor_Alphaproteobacteria
20170700_S25_33_c_000000004801_92	Root; qNor_Mixed
PMHA01_ENA|PMHA01000022|PMHA01000022.1_4	Root; qNor_Mixed
20120500_P13_11_c_000000000681_44	Root; qNor_Mixed
20120500_P25_9_c_000000005916_10	Root; qNor_Mixed
20120700_P1D_3_c_000000004042_198	Root; qNor_Mixed
PKXN01_ENA|PKXN01000116|PKXN01000116.1_42	Root; qNor_Mixed
PKYT01_ENA|PKYT01000028|PKYT01000028.1_69	Root; qNor_Mixed
PKZF01_ENA|PKZF01000079|PKZF01000079.1_43	Root; qNor_Mixed
PMAT01_ENA|PMAT01000090|PMAT01000090.1_44	Root; qNor_Mixed
20111000_P3D_13_c_000000000437_1	Root; qNor_Mixed
20120700_P3D_101_c_000000020502_3	Root; qNor_Mixed_2
20111000_P3D_20_c_000000003210_104	Root; qNor_Mixed
PLXP01_ENA|PLXP01000111|PLXP01000111.1_2	Root; qNor_Mixed
20130700_E3S_4_c_000000001342_2	Root; qNor_Mixed_2
20110700_S2M_9_c_000000006377_1	Root; qNor_Mixed
20120800_S1D_5_c_000000000547_2	Root; qNor_Mixed_2
20120800_S1M_5_c_000000005578_2	Root; qNor_Mixed_2
20120800_S2D_9_c_000000000688_15	Root; qNor_Mixed_2
20130700_C1Y_11_c_000000000674_5	Root; qNor_Mixed_2
Bog.Unlabelled.R3.T2.F3.trimmomatic.megahit_bin.90_78.35_1.49_k141_261694_12	Root; cNor_Alphaproteobacteria
Bog.Unlabelled.R3.T2.F3.trimmomatic.metaspades_bin.24_83.75_0.50_NODE_11769_length_10223_cov_5.420633_12	Root; cNor_Alphaproteobacteria
20130700_E3S_2_c_000000000580_4	Root; qNor_Mixed
20120700_P3D_142_c_000000082008_3	Root; qNor_Mixed
20120600_S1D_13_c_000000001394_1	Root; qNor_Mixed
PMAH01_ENA|PMAH01000250|PMAH01000250.1_8	Root; qNor_Alphaproteobacteria
20120700_E2D_10_c_000000003963_1	Root; qNor_Mixed
20120500_P19_13_c_000000000401_3	Root; qNor_Mixed
20130700_E2D_4_c_000000000251_1	Root; qNor_Mixed
20120800_E2X_16_c_000000005439_24	Root; qNor_Mixed_2
20120800_E3S_4_c_000000004202_24	Root; qNor_Mixed_2
20130700_E1Y_7_c_000000001038_10	Root; qNor_Mixed_2
20130700_E2Y_2_c_000000003311_15	Root; qNor_Mixed_2
PLLX01_ENA|PLLX01000145|PLLX01000145.1_3	Root; qNor_Mixed_2
PLMP01_ENA|PLMP01000113|PLMP01000113.1_3	Root; qNor_Mixed_2
PMOK01_ENA|PMOK01000223|PMOK01000223.1_27	Root; qNor_Mixed_2
20120600_S2M_24_c_000000000029_8	Root; qNor_Alphaproteobacteria
Palsa.Unlabelled.R3.T1.F3.trimmomatic.metaspades_bin.84_90.69_2.58_NODE_46875_length_2688_cov_2.515002_3	Root; qNor_Mixed
20130700_C1X_10_c_000000003073_6	Root; qNor_Mixed_2
PLDM01_ENA|PLDM01000304|PLDM01000304.1_1	Root; qNor_Mixed
20120700_P3D_58_c_000000084125_11	Root; qNor_Alphaproteobacteria
20130700_E2Y_11_c_000000002228_12	Root; qNor_Mixed
20100900_E2S_2_c_000000000294_47	Root; qNor_Mixed_2
PMDS01_ENA|PMDS01000063|PMDS01000063.1_37	Root; qNor_Mixed_2
PMMX01_ENA|PMMX01000020|PMMX01000020.1_38	Root; qNor_Mixed_2
20130700_E1Y_12_c_000000001530_1	Root; qNor_Mixed
20130700_E3Z_5_c_000000003834_9	Root; qNor_Mixed_2
PLZS01_ENA|PLZS01000200|PLZS01000200.1_49	Root; qNor_Mixed
3300037054_4_Ga0395744_000051_41	Root; qNor_Mixed
20140700_S36_15_c_000000000378_8	Root; qNor_Mixed
20120500_P25_14_c_000000001706_1	Root; qNor_Mixed_2
20120800_E3X_27_c_000000001183_13	Root; qNor_Mixed
PMTW01_ENA|PMTW01000293|PMTW01000293.1_13	Root; qNor_Mixed_2
PMZR01_ENA|PMZR01000014|PMZR01000014.1_11	Root; qNor_Mixed
PLYQ01_ENA|PLYQ01000264|PLYQ01000264.1_2	Root; qNor_Mixed
20110700_E2M_3_c_000000000826_12	Root; qNor_Mixed
20120600_E2D_1_c_000000018149_6	Root; qNor_Mixed
PMJO01_ENA|PMJO01000099|PMJO01000099.1_35	Root; qNor_Mixed
PMKQ01_ENA|PMKQ01000147|PMKQ01000147.1_21	Root; qNor_Mixed
20110800_E2M_10_c_000000005516_4	Root; qNor_Mixed
20120600_E2D_46_c_000000000924_14	Root; qNor_Mixed
20120600_E3D_52_c_000000022516_5	Root; qNor_Mixed
20120600_E3M_2_c_000000000316_4	Root; qNor_Mixed
20120600_E3S_1_c_000000000312_4	Root; qNor_Mixed
3300033798_3_Ga0334821_000269_9	Root; qNor_Mixed
3300037061_8_Ga0334870_004333_4	Root; qNor_Mixed
3300037209_4_Ga0395675_001733_4	Root; qNor_Mixed
3300037212_4_Ga0395678_0002030_7	Root; qNor_Mixed
3300037239_2_Ga0395674_000366_5	Root; qNor_Mixed
3300037387_2_Ga0310744_0004094_3	Root; qNor_Mixed
3300038473_6_Ga0436660_0001422_6	Root; qNor_Mixed
3300038474_7_Ga0436663_0001837_7	Root; qNor_Mixed
PMIB01_ENA|PMIB01000051|PMIB01000051.1_4	Root; qNor_Mixed
PMKJ01_ENA|PMKJ01000107|PMKJ01000107.1_3	Root; qNor_Mixed
PMMQ01_ENA|PMMQ01000004|PMMQ01000004.1_4	Root; qNor_Mixed
PMYY01_ENA|PMYY01000016|PMYY01000016.1_4	Root; qNor_Mixed
20140700_S16_19_c_000000001387_1	Root; qNor_Mixed
20150700_S14_10_c_000000002482_1	Root; qNor_Mixed
20120600_E2D_12_c_000000002913_11	Root; qNor_Mixed
PLMO01_ENA|PLMO01000143|PLMO01000143.1_19	Root; qNor_Mixed_2
20110800_P1D_29_c_000000007323_1	Root; qNor_Mixed
PLWA01_ENA|PLWA01000256|PLWA01000256.1_5	Root; cNor_Bacteroidota
PLMF01_ENA|PLMF01000027|PLMF01000027.1_6	Root; qNor_Mixed
PNBK01_ENA|PNBK01000461|PNBK01000461.1_12	Root; qNor_Mixed_2
PKUZ01_ENA|PKUZ01000111|PKUZ01000111.1_8	Root; qNor_Mixed_2
20110700_P2D_8_c_000000012311_1	Root; qNor_Mixed
20120500_P26_7_c_000000002684_13	Root; qNor_Mixed_2
Bog.Unlabelled.R2.T1.F3.trimmomatic.metaspades_bin.112_72.93_6.90_NODE_38295_length_3902_cov_5.308812_1	Root; qNor_Mixed_2
20130700_E3Z_17_c_000000000623_1	Root; qNor_Mixed
3300037176_7_Ga0395646_024788_6	Root; qNor_Mixed
20160700_E33_7_c_000000002268_4	Root; qNor_Mixed
20170700_S35_10_c_000000008583_4	Root; qNor_Mixed_2
20110800_S1M_19_c_000000011002_6	Root; qNor_Mixed
20130700_S2X_10_c_000000004689_2	Root; qNor_Mixed
PLIB01_ENA|PLIB01000019|PLIB01000019.1_2	Root; qNor_Mixed
20130700_C2M_19_c_000000000757_1	Root; qNor_Mixed
20120500_P24_1_c_000000003151_20	Root; qNor_Mixed
PKXS01_ENA|PKXS01000017|PKXS01000017.1_20	Root; qNor_Mixed
PLDG01_ENA|PLDG01000132|PLDG01000132.1_24	Root; qNor_Mixed
Fen.Unlabelled.R3.T2.F1.trimmomatic.metaspades_bin.24_71.52_5.17_NODE_2229_length_15898_cov_11.498012_4	Root; qNor_Mixed_2
20110800_P2D_14_c_000000002520_4	Root; qNor_Mixed
20150700_E25_8_c_000000003057_2	Root; qNor_Mixed
PMWO01_ENA|PMWO01000277|PMWO01000277.1_3	Root; qNor_Mixed
Bog.Unlabelled.R3.T2.F3.JGI.BFC.metaspades_bin.52_93.88_1.05_scaffold_22682_c1_1	Root; qNor_Mixed
Bog.Unlabelled.R2.T1.F2.trimmomatic.megahit_bin.11_73.26_4.27_k141_1144534_1	Root; qNor_Mixed_2
Bog.Unlabelled.R3.T1.F2.trimmomatic.metaspades_bin.114_86.94_6.30_NODE_53210_length_3077_cov_5.499007_1	Root; qNor_Mixed_2
Bog.Labelled.R1.T3.F3.JGI.BFC.metaspades_bin.80_94.83_3.45_scaffold_18820_c2_1	Root; qNor_Mixed_2
20111000_S3D_13_c_000000000775_1	Root; qNor_Mixed
20110700_S3M_1_c_000000001959_15	Root; cNor_Bacteroidota
PMXD01_ENA|PMXD01000044|PMXD01000044.1_23	Root; cNor_Bacteroidota
20130700_E1Z_4_c_000000002947_59	Root; qNor_Mixed_2
20130700_E3Y_12_c_000000000203_12	Root; qNor_Mixed_2
3300037087_15_Ga0334814_000291_59	Root; qNor_Mixed_2
3300037091_13_Ga0334825_000121_59	Root; qNor_Mixed_2
Palsa.Unlabelled.R3.T2.F2.trimmomatic.metaspades_bin.29_95.00_3.12_NODE_7984_length_7467_cov_5.956827_1	Root; qNor_Mixed
Bog.Labelled.R3.T1.F3.trimmomatic.megahit_bin.47_92.90_2.05_k141_790784_3	Root; qNor_Mixed
PMHD01_ENA|PMHD01000103|PMHD01000103.1_13	Root; qNor_Alphaproteobacteria
20120700_S2X_1_c_000000000009_47	Root; qNor_Mixed
Bog.Unlabelled.R3.T1.F2.trimmomatic.metaspades_bin.114_86.94_6.30_NODE_2532_length_19967_cov_4.789273_18	Root; qNor_Mixed_2
PLXK01_ENA|PLXK01000055|PLXK01000055.1_15	Root; cNor_Bacteroidota
20110800_E3D_32_c_000000002743_1	Root; qNor_Mixed_2
PMAM01_ENA|PMAM01000217|PMAM01000217.1_6	Root; qNor_Mixed
Fen.Unlabelled.R3.T2.F3.trimmomatic.metaspades_bin.10_74.46_4.17_NODE_4513_length_4366_cov_4.512410_2	Root; qNor_Mixed_2
20170700_S34_18_c_000000004364_1	Root; qNor_Mixed
20120700_P3D_41_c_000000033006_1	Root; qNor_Mixed
Palsa.Labelled.R1.T2.F3.JGI.BFC.metaspades_bin.1_85.42_2.75_scaffold_11224_c1_1	Root; qNor_Mixed
20160700_S23_18_c_000000005740_1	Root; qNor_Mixed
Bog.Unlabelled.R3.T2.F3.trimmomatic.megahit_bin.103_84.66_1.31_k141_1361988_13	Root; cNor_Alphaproteobacteria
20130700_E3M_5_c_000000002952_1	Root; qNor_Mixed
3300028069_1_Ga0255358_1000362_6	Root; qNor_Mixed
Fen.Labelled.R2.T2.F4.trimmomatic.megahit_bin.12_74.94_2.70_k141_785538_1	Root; cNor_Alphaproteobacteria
20120700_P3D_12_c_000000051990_5	Root; qNor_Mixed
PMLX01_ENA|PMLX01000012|PMLX01000012.1_2	Root; qNor_Mixed
20150700_E25_8_c_000000003355_24	Root; qNor_Mixed
20110800_E3D_6_c_000000002176_53	Root; qNor_Mixed
20110800_E2D_4_c_000000001049_10	Root; qNor_Mixed
20110800_E3D_34_c_000000010842_1	Root; qNor_Mixed
20120800_E2X_20_c_000000004200_51	Root; qNor_Mixed
20120800_E3X_17_c_000000005317_47	Root; qNor_Mixed
20130700_E1Y_8_c_000000004659_47	Root; qNor_Mixed
20130700_E1Z_16_c_000000002580_5	Root; qNor_Mixed
20130700_E3X_11_c_000000003520_1	Root; qNor_Mixed
20130700_E3Z_14_c_000000004053_6	Root; qNor_Mixed
3300036884_11_Ga0334813_000029_53	Root; qNor_Mixed
3300036885_7_Ga0334823_000135_9	Root; qNor_Mixed
3300036886_9_Ga0334826_000311_9	Root; qNor_Mixed
3300037086_8_Ga0334812_000151_51	Root; qNor_Mixed
3300037087_12_Ga0334814_000032_159	Root; qNor_Mixed
3300037089_7_Ga0334820_000242_51	Root; qNor_Mixed
3300037090_8_Ga0334824_000172_8	Root; qNor_Mixed
3300037091_8_Ga0334825_000082_53	Root; qNor_Mixed
PLLC01_ENA|PLLC01000080|PLLC01000080.1_9	Root; qNor_Mixed
PLMY01_ENA|PLMY01000071|PLMY01000071.1_51	Root; qNor_Mixed
PMXZ01_ENA|PMXZ01000019|PMXZ01000019.1_1	Root; qNor_Mixed
PMZF01_ENA|PMZF01000002|PMZF01000002.1_1	Root; qNor_Mixed
20120700_P3D_2_c_000000013218_23	Root; qNor_Mixed
20120500_P19_12_c_000000000855_53	Root; qNor_Mixed
PKYG01_ENA|PKYG01000052|PKYG01000052.1_6	Root; qNor_Mixed
PMAF01_ENA|PMAF01000076|PMAF01000076.1_13	Root; cNor_Verrucomicrobiota
20160700_S25_14_c_000000005234_1	Root; qNor_Mixed_2
3300037156_11_Ga0395916_001525_5	Root; qNor_Mixed
20130700_E1Y_17_c_000000000372_4	Root; qNor_Mixed_2
20110800_E3M_5_c_000000000490_3	Root; qNor_Mixed
20120500_P19_5_c_000000002231_18	Root; qNor_Mixed
PKYM01_ENA|PKYM01000043|PKYM01000043.1_9	Root; qNor_Mixed
Bog.Unlabelled.R1.T2.F2.JGI.BFC.metaspades_bin.94_92.20_2.19_scaffold_8733_c1_1	Root; qNor_Mixed
20110800_E2D_9_c_000000006061_2	Root; qNor_Mixed
20120700_S2X_10_c_000000000879_1	Root; qNor_Mixed
20120500_P24_1_c_000000003151_22	Root; qNor_Mixed
PKXS01_ENA|PKXS01000093|PKXS01000093.1_1	Root; qNor_Mixed
PLDG01_ENA|PLDG01000132|PLDG01000132.1_26	Root; qNor_Mixed
PLNB01_ENA|PLNB01000008|PLNB01000008.1_4	Root; qNor_Mixed
Bog.Unlabelled.R2.T1.F3.trimmomatic.metaspades_bin.112_72.93_6.90_NODE_54622_length_3111_cov_4.316427_3	Root; qNor_Mixed_2
20120700_P3D_2_c_000000013201_9	Root; qNor_Mixed
Fen.Labelled.R2.T3.F3.trimmomatic.megahit_bin.104_84.12_2.69_k141_1523200_3	Root; qNor_Mixed_2
Fen.Unlabelled.R1.T3.F1.trimmomatic.metaspades_bin.40_85.32_3.49_NODE_2450_length_13689_cov_4.618894_19	Root; qNor_Mixed_2
PMNF01_ENA|PMNF01000335|PMNF01000335.1_8	Root; qNor_Mixed
3300037156_10_Ga0395916_000087_30	Root; cNor_Bacteroidota
Fen.Unlabelled.R4.T3.F4.trimmomatic.megahit_bin.9_75.29_9.71_k141_1848319_4	Root; qNor_Mixed
20160700_E15_7_c_000000001562_2	Root; qNor_Mixed
20120700_P3D_78_c_000000026646_4	Root; qNor_Mixed
20130700_E2D_4_c_000000000208_7	Root; qNor_Mixed
20120600_E3D_2_c_000000019236_32	Root; qNor_Mixed
20130700_E3Z_7_c_000000003087_22	Root; qNor_Mixed_2
20110700_E1M_2_c_000000000892_2	Root; qNor_Mixed
20150700_S14_4_c_000000000625_3	Root; qNor_Mixed
20120700_P3D_142_c_000000082271_17	Root; qNor_Mixed
20120700_S1D_83_c_000000036499_15	Root; qNor_Mixed
20140700_S34_14_c_000000001906_1	Root; qNor_Alphaproteobacteria
20110700_P2D_6_c_000000008190_68	Root; qNor_Mixed
Fen.Unlabelled.R3.T3.F4.trimmomatic.metaspades_bin.10_87.51_4.28_NODE_17907_length_5468_cov_2.931277_1	Root; qNor_Mixed
Fen.Labelled.R2.T3.F3.trimmomatic.megahit_bin.79_74.29_5.68_k141_72253_1	Root; qNor_Mixed_2
20120700_P3D_7_c_000000019438_5	Root; qNor_Mixed_2
PLZQ01_ENA|PLZQ01000362|PLZQ01000362.1_6	Root; qNor_Mixed_2
PLOG01_ENA|PLOG01000099|PLOG01000099.1_11	Root; qNor_Mixed_2
20110800_E3D_14_c_000000006126_5	Root; qNor_Mixed
20120600_E3D_51_c_000000003025_7	Root; qNor_Mixed
PMVC01_ENA|PMVC01000163|PMVC01000163.1_13	Root; qNor_Mixed
PMAU01_ENA|PMAU01000096|PMAU01000096.1_4	Root; qNor_Mixed
20120700_P3D_129_c_000000021345_64	Root; qNor_Mixed
3300037222_4_Ga0395691_003551_6	Root; qNor_Mixed
PLXC01_ENA|PLXC01000094|PLXC01000094.1_85	Root; qNor_Mixed
20120800_E2D_15_c_000000005818_4	Root; qNor_Mixed_2
PMDH01_ENA|PMDH01000152|PMDH01000152.1_2	Root; qNor_Mixed
3300029988_10_Ga0302190_10001305_9	Root; cNor_Alphaproteobacteria
Bog.Labelled.R1.T2.F3.trimmomatic.metaspades_bin.132_96.78_1.24_NODE_913_length_37719_cov_6.082625_7	Root; cNor_Alphaproteobacteria
Bog.Labelled.R2.T2.F3.JGI.BFC.metaspades_bin.17_82.08_1.16_scaffold_1156_c1_9	Root; cNor_Alphaproteobacteria
Bog.Labelled.R2.T2.F3.trimmomatic.megahit_bin.29_92.97_1.00_k141_426007_35	Root; cNor_Alphaproteobacteria
Bog.Labelled.R2.T2.F3.trimmomatic.metaspades_bin.16_94.09_0.05_NODE_478_length_44454_cov_9.011982_23	Root; cNor_Alphaproteobacteria
Bog.Labelled.R3.T2.F3.trimmomatic.megahit_bin.11_95.23_0.33_k141_1735954_21	Root; cNor_Alphaproteobacteria
Bog.Labelled.R3.T2.F3.trimmomatic.metaspades_bin.65_95.86_0.00_NODE_387_length_59835_cov_10.565975_25	Root; cNor_Alphaproteobacteria
Bog.Unlabelled.R2.T3.F2.trimmomatic.metaspades_bin.64_96.04_0.00_NODE_2330_length_29912_cov_5.720300_22	Root; cNor_Alphaproteobacteria
